NODE,TIMESTAMP,VALUE
3767310,1536799505,224.0000
3767310,1536799565,224.0000
3767310,1536799625,218.0000
3767310,1536799685,218.0000
3767310,1536799745,219.0000
3767310,1536799805,219.0000
3767310,1536799865,219.0000
3767310,1536799925,219.0000
3767310,1536799985,219.0000
3767310,1536800045,220.0000
3767310,1536800105,219.0000
3767310,1536800165,220.0000
3767310,1536800225,220.0000
3767310,1536800285,220.0000
3767310,1536800345,221.0000
3767310,1536800405,210.0000
3767310,1536800465,208.0000
3767310,1536800525,218.0000
3767310,1536800585,220.0000
3767310,1536800645,218.0000
3767310,1536800705,210.0000
3767310,1536800765,209.0000
3767310,1536800825,218.0000
3767310,1536800885,218.0000
3767310,1536800945,220.0000
3767310,1536801005,210.0000
3767310,1536801065,218.0000
3767310,1536801125,218.0000
3767310,1536801185,219.0000
3767310,1536801245,209.0000
3767310,1536801305,209.0000
3767310,1536801365,209.0000
3767310,1536801425,220.0000
3767310,1536801485,220.0000
3767310,1536801545,220.0000
3767310,1536801605,218.0000
3767310,1536801665,218.0000
3767310,1536801725,219.0000
3767310,1536801785,219.0000
3767310,1536801845,219.0000
3767310,1536801905,210.0000
3767310,1536801965,220.0000
3767310,1536802025,219.0000
3767310,1536802085,220.0000
3767310,1536802145,220.0000
3767310,1536802205,220.0000
3767310,1536802265,219.0000
3767310,1536802325,220.0000
3767310,1536802385,219.0000
3767310,1536802445,219.0000
3767310,1536802505,221.0000
3767310,1536802565,209.0000
3767310,1536802625,209.0000
3767310,1536802685,220.0000
3767310,1536802745,220.0000
3767310,1536802805,210.0000
3767310,1536802865,210.0000
3767310,1536802925,220.0000
3767310,1536802985,219.0000
3767310,1536803045,210.0000
3767310,1536803105,210.0000
3767310,1536803165,220.0000
3767310,1536803225,221.0000
3767310,1536803285,210.0000
3767310,1536803345,222.0000
3767310,1536803405,223.0000
3767310,1536803465,220.0000
3767310,1536803525,220.0000
3767310,1536803585,220.0000
3767310,1536803645,220.0000
3767310,1536803705,220.0000
3767310,1536803765,222.0000
3767310,1536803825,219.0000
3767310,1536803885,219.0000
3767310,1536803945,218.0000
3767310,1536804005,222.0000
3767310,1536804065,223.0000
3767310,1536804125,219.0000
3767310,1536804185,219.0000
3767310,1536804245,220.0000
3767310,1536804305,222.0000
3767310,1536804365,223.0000
3767310,1536804425,222.0000
3767310,1536804485,223.0000
3767310,1536804545,223.0000
3767310,1536804605,220.0000
3767310,1536804665,222.0000
3767310,1536804725,222.0000
3767310,1536804785,221.0000
3767310,1536804845,223.0000
3767310,1536804905,213.0000
3767310,1536804965,220.0000
3767310,1536805025,226.0000
3767310,1536805085,219.0000
3767310,1536805145,219.0000
3767310,1536805205,210.0000
3767310,1536805265,218.0000
3767310,1536805325,218.0000
3767310,1536805385,218.0000
3767310,1536805445,218.0000
3767310,1536805505,218.0000
3767310,1536805565,218.0000
3767310,1536805625,218.0000
3767310,1536805685,218.0000
3767310,1536805745,218.0000
3767310,1536805805,218.0000
3767310,1536805865,218.0000
3767310,1536805925,218.0000
3767310,1536805985,208.0000
3767310,1536806045,218.0000
3767310,1536806105,218.0000
3767310,1536806165,218.0000
3767310,1536806225,208.0000
3767310,1536806285,218.0000
3767310,1536806345,217.0000
3767310,1536806405,217.0000
3767310,1536806465,208.0000
3767310,1536806525,208.0000
3767310,1536806585,218.0000
3767310,1536806645,218.0000
3767310,1536806705,208.0000
3767310,1536806765,208.0000
3767310,1536806825,218.0000
3767310,1536806885,218.0000
3767310,1536806945,208.0000
3767310,1536807005,218.0000
3767310,1536807065,209.0000
3767310,1536807125,218.0000
3767310,1536807185,209.0000
3767310,1536807245,219.0000
3767310,1536807305,219.0000
3767310,1536807365,219.0000
3767310,1536807425,219.0000
3767310,1536807485,220.0000
3767310,1536807545,220.0000
3767310,1536807605,220.0000
3767310,1536807665,220.0000
3767310,1536807725,220.0000
3767310,1536807785,221.0000
3767310,1536807845,222.0000
3767310,1536807905,221.0000
3767310,1536807965,210.0000
3767310,1536808025,220.0000
3767310,1536808085,222.0000
3767310,1536808145,223.0000
3767310,1536808205,223.0000
3767310,1536808265,222.0000
3767310,1536808325,212.0000
3767310,1536808385,221.0000
3767310,1536808445,223.0000
3767310,1536808505,223.0000
3767310,1536808565,214.0000
3767310,1536808625,216.0000
3767310,1536808685,223.0000
3767310,1536808745,223.0000
3767310,1536808805,214.0000
3767310,1536808865,213.0000
3767310,1536808925,223.0000
3767310,1536808985,224.0000
3767310,1536809045,224.0000
3767310,1536809105,213.0000
3767310,1536809165,223.0000
3767310,1536809225,223.0000
3767310,1536809285,224.0000
3767310,1536809345,224.0000
3767310,1536809405,223.0000
3767310,1536809465,225.0000
3767310,1536809525,225.0000
3767310,1536809585,223.0000
3767310,1536809645,226.0000
3767310,1536809705,224.0000
3767310,1536809765,223.0000
3767310,1536809825,223.0000
3767310,1536809885,223.0000
3767310,1536809945,222.0000
3767310,1536810005,223.0000
3767310,1536810065,223.0000
3767310,1536810125,226.0000
3767310,1536810185,224.0000
3767310,1536810245,226.0000
3767310,1536810305,226.0000
3767310,1536810365,224.0000
3767310,1536810425,226.0000
3767310,1536810485,223.0000
3767310,1536810545,228.0000
3767310,1536810605,225.0000
3767310,1536810665,228.0000
3767310,1536810725,228.0000
3767310,1536810785,225.0000
3767310,1536810845,226.0000
3767310,1536810905,225.0000
3767310,1536810965,223.0000
3767310,1536811025,216.0000
3767310,1536811085,224.0000
3767310,1536811145,224.0000
3767310,1536811205,224.0000
3767310,1536811265,225.0000
3767310,1536811325,225.0000
3767310,1536811385,225.0000
3767310,1536811445,228.0000
3767310,1536811505,228.0000
3767310,1536811565,225.0000
3767310,1536811625,223.0000
3767310,1536811685,224.0000
3767310,1536811745,226.0000
3767310,1536811805,229.0000
3767310,1536811865,226.0000
3767310,1536811925,228.0000
3767310,1536811985,216.0000
3767310,1536812045,217.0000
3767310,1536812105,228.0000
3767310,1536812165,228.0000
3767310,1536812225,226.0000
3767310,1536812285,218.0000
3767310,1536812345,226.0000
3767310,1536812405,226.0000
3767310,1536812465,226.0000
3767310,1536812525,217.0000
3767310,1536812585,228.0000
3767310,1536812645,228.0000
3767310,1536812705,228.0000
3767310,1536812765,229.0000
3767310,1536812825,216.0000
3767310,1536812885,228.0000
3767310,1536812945,218.0000
3767310,1536813005,228.0000
3767310,1536813065,228.0000
3767310,1536813125,226.0000
3767310,1536813185,226.0000
3767310,1536813245,226.0000
3767310,1536813305,218.0000
3767310,1536813365,216.0000
3767310,1536813425,226.0000
3767310,1536813485,225.0000
3767310,1536813545,225.0000
3767310,1536813605,226.0000
3767310,1536813665,225.0000
3767310,1536813725,226.0000
3767310,1536813785,226.0000
3767310,1536813845,228.0000
3767310,1536813905,228.0000
3767310,1536813965,228.0000
3767310,1536814025,226.0000
3767310,1536814085,226.0000
3767310,1536814145,226.0000
3767310,1536814205,228.0000
3767310,1536814265,229.0000
3767310,1536814325,217.0000
3767310,1536814385,228.0000
3767310,1536814445,228.0000
3767310,1536814505,218.0000
3767310,1536814565,219.0000
3767310,1536814625,217.0000
3767310,1536814685,219.0000
3767310,1536814745,229.0000
3767310,1536814805,229.0000
3767310,1536814865,219.0000
3767310,1536814925,217.0000
3767310,1536814985,229.0000
3767310,1536815045,229.0000
3767310,1536815105,229.0000
3767310,1536815165,229.0000
3767310,1536815225,229.0000
3767310,1536815285,230.0000
3767310,1536815345,229.0000
3767310,1536815405,229.0000
3767310,1536815465,229.0000
3767310,1536815525,230.0000
3767310,1536815585,230.0000
3767310,1536815645,230.0000
3767310,1536815705,231.0000
3767310,1536815765,220.0000
3767310,1536815825,229.0000
3767310,1536815885,220.0000
3767310,1536815945,220.0000
3767310,1536816005,230.0000
3767310,1536816065,230.0000
3767310,1536816125,232.0000
3767310,1536816185,220.0000
3767310,1536816245,223.0000
3767310,1536816305,229.0000
3767310,1536816365,230.0000
3767310,1536816425,229.0000
3767310,1536816485,229.0000
3767310,1536816545,226.0000
3767310,1536816605,228.0000
3767310,1536816665,228.0000
3767310,1536816725,218.0000
3767310,1536816785,218.0000
3767310,1536816845,218.0000
3767310,1536816905,228.0000
3767310,1536816965,228.0000
3767310,1536817025,226.0000
3767310,1536817085,228.0000
3767310,1536817145,228.0000
3767310,1536817205,229.0000
3767310,1536817265,230.0000
3767310,1536817325,230.0000
3767310,1536817385,230.0000
3767310,1536817445,228.0000
3767310,1536817505,228.0000
3767310,1536817565,229.0000
3767310,1536817625,229.0000
3767310,1536817685,229.0000
3767310,1536817745,229.0000
3767310,1536817805,229.0000
3767310,1536817865,229.0000
3767310,1536817925,229.0000
3767310,1536817985,229.0000
3767310,1536818045,229.0000
3767310,1536818105,229.0000
3767310,1536818165,229.0000
3767310,1536818225,230.0000
3767310,1536818285,230.0000
3767310,1536818345,232.0000
3767310,1536818405,232.0000
3767310,1536818465,233.0000
3767310,1536818525,236.0000
3767310,1536818585,229.0000
3767310,1536818645,229.0000
3767310,1536818705,220.0000
3767310,1536818765,220.0000
3767310,1536818825,229.0000
3767310,1536818885,229.0000
3767310,1536818945,229.0000
3767310,1536819005,229.0000
3767310,1536819065,229.0000
3767310,1536819125,230.0000
3767310,1536819185,230.0000
3767310,1536819245,230.0000
3767310,1536819305,229.0000
3767310,1536819365,230.0000
3767310,1536819425,230.0000
3767310,1536819485,230.0000
3767310,1536819545,230.0000
3767310,1536819605,230.0000
3767310,1536819665,230.0000
3767310,1536819725,230.0000
3767310,1536819785,231.0000
3767310,1536819845,220.0000
3767310,1536819905,230.0000
3767310,1536819965,221.0000
3767310,1536820025,233.0000
3767310,1536820085,233.0000
3767310,1536820145,221.0000
3767310,1536820205,231.0000
3767310,1536820265,233.0000
3767310,1536820325,233.0000
3767310,1536820385,224.0000
3767310,1536820445,232.0000
3767310,1536820505,233.0000
3767310,1536820565,223.0000
3767310,1536820625,218.0000
3767310,1536820685,222.0000
3767310,1536820745,230.0000
3767310,1536820805,229.0000
3767310,1536820865,230.0000
3767310,1536820925,230.0000
3767310,1536820985,229.0000
3767310,1536821045,233.0000
3767310,1536821105,225.0000
3767310,1536821165,234.0000
3767310,1536821225,234.0000
3767310,1536821285,229.0000
3767310,1536821345,235.0000
3767310,1536821405,229.0000
3767310,1536821465,220.0000
3767310,1536821525,229.0000
3767310,1536821585,229.0000
3767310,1536821645,220.0000
3767310,1536821705,220.0000
3767310,1536821765,220.0000
3767310,1536821825,230.0000
3767310,1536821885,230.0000
3767310,1536821945,221.0000
3767310,1536822005,220.0000
3767310,1536822065,231.0000
3767310,1536822125,220.0000
3767310,1536822185,221.0000
3767310,1536822245,221.0000
3767310,1536822305,231.0000
3767310,1536822365,232.0000
3767310,1536822425,231.0000
3767310,1536822485,234.0000
3767310,1536822545,225.0000
3767310,1536822605,230.0000
3767310,1536822665,238.0000
3767310,1536822725,234.0000
3767310,1536822785,234.0000
3767310,1536822845,235.0000
3767310,1536822905,236.0000
3767310,1536822965,234.0000
3767310,1536823025,235.0000
3767310,1536823085,235.0000
3767310,1536823145,236.0000
3767310,1536823205,236.0000
3767310,1536823265,237.0000
3767310,1536823325,238.0000
3767310,1536823385,237.0000
3767310,1536823445,237.0000
3767310,1536823505,237.0000
3767310,1536823565,228.0000
3767310,1536823625,235.0000
3767310,1536823685,237.0000
3767310,1536823745,235.0000
3767310,1536823805,233.0000
3767310,1536823865,229.0000
3767310,1536823925,242.0000
3767310,1536823985,241.0000
3767310,1536824045,231.0000
3767310,1536824105,230.0000
3767310,1536824165,236.0000
3767310,1536824225,235.0000
3767310,1536824285,229.0000
3767310,1536824345,219.0000
3767310,1536824405,228.0000
3767310,1536824465,229.0000
3767310,1536824525,222.0000
3767310,1536824585,232.0000
3767310,1536824645,236.0000
3767310,1536824705,236.0000
3767310,1536824765,230.0000
3767310,1536824825,235.0000
3767310,1536824885,241.0000
3767310,1536824945,229.0000
3767310,1536825005,229.0000
3767310,1536825065,230.0000
3767310,1536825125,235.0000
3767310,1536825185,241.0000
3767310,1536825245,231.0000
3767310,1536825305,228.0000
3767310,1536825365,229.0000
3767310,1536825425,229.0000
3767310,1536825485,229.0000
3767310,1536825545,228.0000
3767310,1536825605,228.0000
3767310,1536825665,228.0000
3767310,1536825725,228.0000
3767310,1536825785,228.0000
3767310,1536825845,228.0000
3767310,1536825905,228.0000
3767310,1536825965,228.0000
3767310,1536826025,228.0000
3767310,1536826085,228.0000
3767310,1536826145,228.0000
3767310,1536826205,228.0000
3767310,1536826265,228.0000
3767310,1536826325,228.0000
3767310,1536826385,228.0000
3767310,1536826445,218.0000
3767310,1536826505,228.0000
3767310,1536826565,228.0000
3767310,1536826625,229.0000
3767310,1536826685,229.0000
3767310,1536826745,229.0000
3767310,1536826805,229.0000
3767310,1536826865,229.0000
3767310,1536826925,229.0000
3767310,1536826985,229.0000
3767310,1536827045,229.0000
3767310,1536827105,230.0000
3767310,1536827165,229.0000
3767310,1536827225,229.0000
3767310,1536827285,229.0000
3767310,1536827345,230.0000
3767310,1536827405,230.0000
3767310,1536827465,220.0000
3767310,1536827525,230.0000
3767310,1536827585,230.0000
3767310,1536827645,220.0000
3767310,1536827705,220.0000
3767310,1536827765,230.0000
3767310,1536827825,230.0000
3767310,1536827885,221.0000
3767310,1536827945,230.0000
3767310,1536828005,221.0000
3767310,1536828065,222.0000
3767310,1536828125,232.0000
3767310,1536828185,222.0000
3767310,1536828245,222.0000
3767310,1536828305,223.0000
3767310,1536828365,223.0000
3767310,1536828425,233.0000
3767310,1536828485,233.0000
3767310,1536828545,233.0000
3767310,1536828605,234.0000
3767310,1536828665,234.0000
3767310,1536828725,234.0000
3767310,1536828785,234.0000
3767310,1536828845,234.0000
3767310,1536828905,235.0000
3767310,1536828965,235.0000
3767310,1536829025,235.0000
3767310,1536829085,236.0000
3767310,1536829145,236.0000
3767310,1536829205,236.0000
3767310,1536829265,236.0000
3767310,1536829325,226.0000
3767310,1536829385,228.0000
3767310,1536829445,237.0000
3767310,1536829505,237.0000
3767310,1536829565,228.0000
3767310,1536829625,228.0000
3767310,1536829685,238.0000
3767310,1536829745,238.0000
3767310,1536829805,238.0000
3767310,1536829865,229.0000
3767310,1536829925,242.0000
3767310,1536829985,241.0000
3767310,1536830045,238.0000
3767310,1536830105,217.0000
3767310,1536830165,217.0000
3767310,1536830225,234.0000
3767310,1536830285,224.0000
3767310,1536830345,234.0000
3767310,1536830405,234.0000
3767310,1536830465,234.0000
3767310,1536830525,234.0000
3767310,1536830585,234.0000
3767310,1536830645,234.0000
3767310,1536830705,235.0000
3767310,1536830765,235.0000
3767310,1536830825,229.0000
3767310,1536830885,229.0000
3767310,1536830945,229.0000
3767310,1536831005,229.0000
3767310,1536831065,229.0000
3767310,1536831125,229.0000
3767310,1536831185,229.0000
3767310,1536831245,229.0000
3767310,1536831305,229.0000
3767310,1536831365,229.0000
3767310,1536831425,229.0000
3767310,1536831485,231.0000
3767310,1536831545,233.0000
3767310,1536831605,232.0000
3767310,1536831665,228.0000
3767310,1536831725,220.0000
3767310,1536831785,230.0000
3767310,1536831845,230.0000
3767310,1536831905,232.0000
3767310,1536831965,233.0000
3767310,1536832025,235.0000
3767310,1536832085,244.0000
3767310,1536832145,256.0000
3767310,1536832205,242.0000
3767310,1536832265,260.0000
3767310,1536832325,318.0000
3767310,1536832385,314.0000
3767310,1536832445,272.0000
3767310,1536832505,235.0000
3767310,1536832565,233.0000
3767310,1536832625,234.0000
3767310,1536832685,262.0000
3767310,1536832745,280.0000
3767310,1536832805,265.0000
3767310,1536832865,237.0000
3767310,1536832925,234.0000
3767310,1536832985,230.0000
3767310,1536833045,229.0000
3767310,1536833105,229.0000
3767310,1536833165,230.0000
3767310,1536833225,229.0000
3767310,1536833285,218.0000
3767310,1536833345,231.0000
3767310,1536833405,230.0000
3767310,1536833465,228.0000
3767310,1536833525,220.0000
3767310,1536833585,230.0000
3767310,1536833645,226.0000
3767310,1536833705,228.0000
3767310,1536833765,217.0000
3767310,1536833825,226.0000
3767310,1536833885,226.0000
3767310,1536833945,228.0000
3767310,1536834005,226.0000
3767310,1536834065,216.0000
3767310,1536834125,225.0000
3767310,1536834185,216.0000
3767310,1536834245,224.0000
3767310,1536834305,225.0000
3767310,1536834365,224.0000
3767310,1536834425,224.0000
3767310,1536834485,224.0000
3767310,1536834545,224.0000
3767310,1536834605,224.0000
3767310,1536834665,224.0000
3767310,1536834725,224.0000
3767310,1536834785,224.0000
3767310,1536834845,224.0000
3767310,1536834905,224.0000
3767310,1536834965,224.0000
3767310,1536835025,224.0000
3767310,1536835085,224.0000
3767310,1536835145,224.0000
3767310,1536835205,224.0000
3767310,1536835265,225.0000
3767310,1536835325,224.0000
3767310,1536835385,225.0000
3767310,1536835445,225.0000
3767310,1536835505,225.0000
3767310,1536835565,226.0000
3767310,1536835625,228.0000
3767310,1536835685,218.0000
3767310,1536835745,228.0000
3767310,1536835805,228.0000
3767310,1536835865,218.0000
3767310,1536835925,228.0000
3767310,1536835985,228.0000
3767310,1536836045,216.0000
3767310,1536836105,214.0000
3767310,1536836165,224.0000
3767310,1536836225,224.0000
3767310,1536836285,224.0000
3767310,1536836345,224.0000
3767310,1536836405,224.0000
3767310,1536836465,223.0000
3767310,1536836525,224.0000
3767310,1536836585,223.0000
3767310,1536836645,224.0000
3767310,1536836705,224.0000
3767310,1536836765,225.0000
3767310,1536836825,224.0000
3767310,1536836885,225.0000
3767310,1536836945,225.0000
3767310,1536837005,226.0000
3767310,1536837065,226.0000
3767310,1536837125,226.0000
3767310,1536837185,226.0000
3767310,1536837245,217.0000
3767310,1536837305,226.0000
3767310,1536837365,223.0000
3767310,1536837425,223.0000
3767310,1536837485,214.0000
3767310,1536837545,223.0000
3767310,1536837605,222.0000
3767310,1536837665,213.0000
3767310,1536837725,223.0000
3767310,1536837785,223.0000
3767310,1536837845,223.0000
3767310,1536837905,213.0000
3767310,1536837965,213.0000
3767310,1536838025,213.0000
3767310,1536838085,223.0000
3767310,1536838145,223.0000
3767310,1536838205,223.0000
3767310,1536838265,223.0000
3767310,1536838325,223.0000
3767310,1536838385,223.0000
3767310,1536838445,223.0000
3767310,1536838505,223.0000
3767310,1536838565,222.0000
3767310,1536838625,223.0000
3767310,1536838685,223.0000
3767310,1536838745,223.0000
3767310,1536838805,223.0000
3767310,1536838865,223.0000
3767310,1536838925,223.0000
3767310,1536838985,223.0000
3767310,1536839045,223.0000
3767310,1536839105,223.0000
3767310,1536839165,222.0000
3767310,1536839225,222.0000
3767310,1536839285,222.0000
3767310,1536839345,223.0000
3767310,1536839405,222.0000
3767310,1536839465,222.0000
3767310,1536839525,223.0000
3767310,1536839585,223.0000
3767310,1536839645,223.0000
3767310,1536839705,223.0000
3767310,1536839765,223.0000
3767310,1536839825,223.0000
3767310,1536839885,223.0000
3767310,1536839945,214.0000
3767310,1536840005,223.0000
3767310,1536840065,223.0000
3767310,1536840125,223.0000
3767310,1536840185,223.0000
3767310,1536840245,223.0000
3767310,1536840305,223.0000
3767310,1536840365,223.0000
3767310,1536840425,223.0000
3767310,1536840485,223.0000
3767310,1536840545,223.0000
3767310,1536840605,223.0000
3767310,1536840665,223.0000
3767310,1536840725,223.0000
3767310,1536840785,214.0000
3767310,1536840845,223.0000
3767310,1536840905,213.0000
3767310,1536840965,223.0000
3767310,1536841025,223.0000
3767310,1536841085,223.0000
3767310,1536841145,223.0000
3767310,1536841205,224.0000
3767310,1536841265,225.0000
3767310,1536841325,224.0000
3767310,1536841385,216.0000
3767310,1536841445,225.0000
3767310,1536841505,224.0000
3767310,1536841565,224.0000
3767310,1536841625,216.0000
3767310,1536841685,216.0000
3767310,1536841745,225.0000
3767310,1536841805,225.0000
3767310,1536841865,216.0000
3767310,1536841925,226.0000
3767310,1536841985,226.0000
3767310,1536842045,226.0000
3767310,1536842105,229.0000
3767310,1536842165,225.0000
3767310,1536842225,228.0000
3767310,1536842285,230.0000
3767310,1536842345,235.0000
3767310,1536842405,225.0000
3767310,1536842465,225.0000
3767310,1536842525,225.0000
3767310,1536842585,225.0000
3767310,1536842645,225.0000
3767310,1536842705,225.0000
3767310,1536842765,226.0000
3767310,1536842825,228.0000
3767310,1536842885,228.0000
3767310,1536842945,220.0000
3767310,1536843005,229.0000
3767310,1536843065,236.0000
3767310,1536843125,234.0000
3767310,1536843185,226.0000
3767310,1536843245,226.0000
3767310,1536843305,228.0000
3767310,1536843365,229.0000
3767310,1536843425,229.0000
3767310,1536843485,225.0000
3767310,1536843545,246.0000
3767310,1536843605,247.0000
3767310,1536843665,232.0000
3767310,1536843725,216.0000
3767310,1536843785,216.0000
3767310,1536843845,216.0000
3767310,1536843905,226.0000
3767310,1536843965,226.0000
3767310,1536844025,226.0000
3767310,1536844085,228.0000
3767310,1536844145,228.0000
3767310,1536844205,229.0000
3767310,1536844265,237.0000
3767310,1536844325,246.0000
3767310,1536844385,229.0000
3767310,1536844445,228.0000
3767310,1536844505,233.0000
3767310,1536844565,240.0000
3767310,1536844625,291.0000
3767310,1536844685,221.0000
3767310,1536844745,220.0000
3767310,1536844805,210.0000
3767310,1536844865,210.0000
3767310,1536844925,220.0000
3767310,1536844985,220.0000
3767310,1536845045,220.0000
3767310,1536845105,210.0000
3767310,1536845165,220.0000
3767310,1536845225,220.0000
3767310,1536845285,220.0000
3767310,1536845345,220.0000
3767310,1536845405,220.0000
3767310,1536845465,220.0000
3767310,1536845525,220.0000
3767310,1536845585,210.0000
3767310,1536845645,220.0000
3767310,1536845705,220.0000
3767310,1536845765,210.0000
3767310,1536845825,220.0000
3767310,1536845885,220.0000
3767310,1536845945,220.0000
3767310,1536846005,220.0000
3767310,1536846065,220.0000
3767310,1536846125,220.0000
3767310,1536846185,220.0000
3767310,1536846245,220.0000
3767310,1536846305,220.0000
3767310,1536846365,220.0000
3767310,1536846425,220.0000
3767310,1536846485,220.0000
3767310,1536846545,220.0000
3767310,1536846605,220.0000
3767310,1536846665,220.0000
3767310,1536846725,220.0000
3767310,1536846785,220.0000
3767310,1536846845,220.0000
3767310,1536846905,220.0000
3767310,1536846965,220.0000
3767310,1536847025,220.0000
3767310,1536847085,220.0000
3767310,1536847145,220.0000
3767310,1536847205,220.0000
3767310,1536847265,220.0000
3767310,1536847325,220.0000
3767310,1536847385,220.0000
3767310,1536847445,220.0000
3767310,1536847505,220.0000
3767310,1536847565,221.0000
3767310,1536847625,210.0000
3767310,1536847685,210.0000
3767310,1536847745,220.0000
3767310,1536847805,220.0000
3767310,1536847865,221.0000
3767310,1536847925,221.0000
3767310,1536847985,221.0000
3767310,1536848045,221.0000
3767310,1536848105,222.0000
3767310,1536848165,221.0000
3767310,1536848225,221.0000
3767310,1536848285,221.0000
3767310,1536848345,221.0000
3767310,1536848405,221.0000
3767310,1536848465,221.0000
3767310,1536848525,221.0000
3767310,1536848585,211.0000
3767310,1536848645,221.0000
3767310,1536848705,222.0000
3767310,1536848765,213.0000
3767310,1536848825,222.0000
3767310,1536848885,221.0000
3767310,1536848945,221.0000
3767310,1536849005,212.0000
3767310,1536849065,222.0000
3767310,1536849125,222.0000
3767310,1536849185,222.0000
3767310,1536849245,211.0000
3767310,1536849305,222.0000
3767310,1536849365,221.0000
3767310,1536849425,222.0000
3767310,1536849485,211.0000
3767310,1536849545,212.0000
3767310,1536849605,213.0000
3767310,1536849665,223.0000
3767310,1536849725,223.0000
3767310,1536849785,223.0000
3767310,1536849845,223.0000
3767310,1536849905,223.0000
3767310,1536849965,223.0000
3767310,1536850025,223.0000
3767310,1536850085,224.0000
3767310,1536850145,223.0000
3767310,1536850205,223.0000
3767310,1536850265,223.0000
3767310,1536850325,223.0000
3767310,1536850385,224.0000
3767310,1536850445,224.0000
3767310,1536850505,224.0000
3767310,1536850565,214.0000
3767310,1536850625,214.0000
3767310,1536850685,224.0000
3767310,1536850745,224.0000
3767310,1536850805,225.0000
3767310,1536850865,223.0000
3767310,1536850925,223.0000
3767310,1536850985,223.0000
3767310,1536851045,214.0000
3767310,1536851105,224.0000
3767310,1536851165,224.0000
3767310,1536851225,225.0000
3767310,1536851285,224.0000
3767310,1536851345,224.0000
3767310,1536851405,214.0000
3767310,1536851465,224.0000
3767310,1536851525,216.0000
3767310,1536851585,226.0000
3767310,1536851645,225.0000
3767310,1536851705,224.0000
3767310,1536851765,224.0000
3767310,1536851825,225.0000
3767310,1536851885,226.0000
3767310,1536851945,228.0000
3767310,1536852005,226.0000
3767310,1536852065,225.0000
3767310,1536852125,225.0000
3767310,1536852185,225.0000
3767310,1536852245,225.0000
3767310,1536852305,225.0000
3767310,1536852365,225.0000
3767310,1536852425,226.0000
3767310,1536852485,216.0000
3767310,1536852545,226.0000
3767310,1536852605,226.0000
3767310,1536852665,226.0000
3767310,1536852725,228.0000
3767310,1536852785,228.0000
3767310,1536852845,228.0000
3767310,1536852905,229.0000
3767310,1536852965,228.0000
3767310,1536853025,228.0000
3767310,1536853085,229.0000
3767310,1536853145,219.0000
3767310,1536853205,220.0000
3767310,1536853265,220.0000
3767310,1536853325,232.0000
3767310,1536853385,229.0000
3767310,1536853445,220.0000
3767310,1536853505,230.0000
3767310,1536853565,229.0000
3767310,1536853625,230.0000
3767310,1536853685,230.0000
3767310,1536853745,229.0000
3767310,1536853805,229.0000
3767310,1536853865,229.0000
3767310,1536853925,229.0000
3767310,1536853985,229.0000
3767310,1536854045,229.0000
3767310,1536854105,229.0000
3767310,1536854165,229.0000
3767310,1536854225,228.0000
3767310,1536854285,228.0000
3767310,1536854345,229.0000
3767310,1536854405,229.0000
3767310,1536854465,229.0000
3767310,1536854525,230.0000
3767310,1536854585,229.0000
3767310,1536854645,230.0000
3767310,1536854705,221.0000
3767310,1536854765,231.0000
3767310,1536854825,221.0000
3767310,1536854885,233.0000
3767310,1536854945,232.0000
3767310,1536855005,230.0000
3767310,1536855065,230.0000
3767310,1536855125,221.0000
3767310,1536855185,220.0000
3767310,1536855245,230.0000
3767310,1536855305,221.0000
3767310,1536855365,223.0000
3767310,1536855425,233.0000
3767310,1536855485,234.0000
3767310,1536855545,234.0000
3767310,1536855605,234.0000
3767310,1536855665,234.0000
3767310,1536855725,234.0000
3767310,1536855785,233.0000
3767310,1536855845,233.0000
3767310,1536855905,232.0000
3767310,1536855965,231.0000
3767310,1536856025,230.0000
3767310,1536856085,230.0000
3767310,1536856145,231.0000
3767310,1536856205,233.0000
3767310,1536856265,233.0000
3767310,1536856325,235.0000
3767310,1536856385,235.0000
3767310,1536856445,236.0000
3767310,1536856505,235.0000
3767310,1536856565,236.0000
3767310,1536856625,225.0000
3767310,1536856685,235.0000
3767310,1536856745,235.0000
3767310,1536856805,234.0000
3767310,1536856865,234.0000
3767310,1536856925,235.0000
3767310,1536856985,234.0000
3767310,1536857045,234.0000
3767310,1536857105,225.0000
3767310,1536857165,234.0000
3767310,1536857225,234.0000
3767310,1536857285,225.0000
3767310,1536857345,235.0000
3767310,1536857405,234.0000
3767310,1536857465,234.0000
3767310,1536857525,234.0000
3767310,1536857585,234.0000
3767310,1536857645,233.0000
3767310,1536857705,220.0000
3767310,1536857765,230.0000
3767310,1536857825,230.0000
3767310,1536857885,230.0000
3767310,1536857945,230.0000
3767310,1536858005,230.0000
3767310,1536858065,230.0000
3767310,1536858125,232.0000
3767310,1536858185,233.0000
3767310,1536858245,222.0000
3767310,1536858305,232.0000
3767310,1536858365,233.0000
3767310,1536858425,230.0000
3767310,1536858485,222.0000
3767310,1536858545,233.0000
3767310,1536858605,232.0000
3767310,1536858665,221.0000
3767310,1536858725,232.0000
3767310,1536858785,231.0000
3767310,1536858845,233.0000
3767310,1536858905,232.0000
3767310,1536858965,233.0000
3767310,1536859025,232.0000
3767310,1536859085,233.0000
3767310,1536859145,233.0000
3767310,1536859205,223.0000
3767310,1536859265,222.0000
3767310,1536859325,232.0000
3767310,1536859385,233.0000
3767310,1536859445,234.0000
