TIMESTAMP,VALUE
1538958900,674.0000
1538958960,687.0000
1538959020,705.0000
1538959080,475.0000
1538959140,475.0000
1538959200,475.0000
1538959260,476.0000
1538959320,478.0000
1538959380,474.0000
1538959440,469.0000
1538959500,466.0000
1538959560,464.0000
1538959620,465.0000
1538959680,465.0000
1538959740,468.0000
1538959800,469.0000
1538959860,466.0000
1538959920,465.0000
1538959980,464.0000
1538960040,461.0000
1538960100,461.0000
1538960160,459.0000
1538960220,457.0000
1538960280,456.0000
1538960340,457.0000
1538960400,444.0000
1538960460,454.0000
1538960520,449.0000
1538960580,452.0000
1538960640,459.0000
1538960700,452.0000
1538960760,447.0000
1538960820,447.0000
1538960880,444.0000
1538960940,438.0000
1538961000,445.0000
1538961060,446.0000
1538961120,448.0000
1538961180,459.0000
1538961240,449.0000
1538961300,447.0000
1538961360,440.0000
1538961420,437.0000
1538961480,444.0000
1538961540,449.0000
1538961600,457.0000
1538961660,454.0000
1538961720,447.0000
1538961780,442.0000
1538961840,441.0000
1538961900,435.0000
1538961960,434.0000
1538962020,435.0000
1538962080,436.0000
1538962140,438.0000
1538962200,435.0000
1538962260,435.0000
1538962320,411.0000
1538962380,428.0000
1538962440,426.0000
1538962500,418.0000
1538962560,426.0000
1538962620,418.0000
1538962680,416.0000
1538962740,426.0000
1538962800,425.0000
1538962860,427.0000
1538962920,426.0000
1538962980,426.0000
1538963040,425.0000
1538963100,425.0000
1538963160,428.0000
1538963220,423.0000
1538963280,414.0000
1538963340,416.0000
1538963400,417.0000
1538963460,413.0000
1538963520,422.0000
1538963580,415.0000
1538963640,423.0000
1538963700,416.0000
1538963760,423.0000
1538963820,425.0000
1538963880,426.0000
1538963940,426.0000
1538964000,426.0000
1538964060,427.0000
1538964120,427.0000
1538964180,408.0000
1538964240,425.0000
1538964300,426.0000
1538964360,428.0000
1538964420,428.0000
1538964480,430.0000
1538964540,427.0000
1538964600,430.0000
1538964660,432.0000
1538964720,430.0000
1538964780,430.0000
1538964840,430.0000
1538964900,432.0000
1538964960,434.0000
1538965020,434.0000
1538965080,432.0000
1538965140,429.0000
1538965200,433.0000
1538965260,433.0000
1538965320,433.0000
1538965380,429.0000
1538965440,433.0000
1538965500,432.0000
1538965560,433.0000
1538965620,429.0000
1538965680,429.0000
1538965740,432.0000
1538965800,432.0000
1538965860,433.0000
1538965920,428.0000
1538965980,430.0000
1538966040,432.0000
1538966100,413.0000
1538966160,433.0000
1538966220,432.0000
1538966280,434.0000
1538966340,435.0000
1538966400,438.0000
1538966460,434.0000
1538966520,436.0000
1538966580,437.0000
1538966640,435.0000
1538966700,438.0000
1538966760,436.0000
1538966820,438.0000
1538966880,437.0000
1538966940,436.0000
1538967000,436.0000
1538967060,437.0000
1538967120,437.0000
1538967180,437.0000
1538967240,437.0000
1538967300,436.0000
1538967360,435.0000
1538967420,432.0000
1538967480,437.0000
1538967540,437.0000
1538967600,435.0000
1538967660,428.0000
1538967720,423.0000
1538967780,423.0000
1538967840,414.0000
1538967900,414.0000
1538967960,402.0000
1538968020,400.0000
1538968080,414.0000
1538968140,414.0000
1538968200,413.0000
1538968260,416.0000
1538968320,421.0000
1538968380,420.0000
1538968440,418.0000
1538968500,420.0000
1538968560,421.0000
1538968620,418.0000
1538968680,422.0000
1538968740,421.0000
1538968800,420.0000
1538968860,417.0000
1538968920,416.0000
1538968980,421.0000
1538969040,414.0000
1538969100,414.0000
1538969160,414.0000
1538969220,417.0000
1538969280,413.0000
1538969340,417.0000
1538969400,416.0000
1538969460,413.0000
1538969520,413.0000
1538969580,412.0000
1538969640,413.0000
1538969700,415.0000
1538969760,412.0000
1538969820,412.0000
1538969880,412.0000
1538969940,400.0000
1538970000,415.0000
1538970060,415.0000
1538970120,415.0000
1538970180,415.0000
1538970240,416.0000
1538970300,415.0000
1538970360,412.0000
1538970420,415.0000
1538970480,415.0000
1538970540,415.0000
1538970600,414.0000
1538970660,414.0000
1538970720,415.0000
1538970780,414.0000
1538970840,414.0000
1538970900,410.0000
1538970960,413.0000
1538971020,413.0000
1538971080,413.0000
1538971140,413.0000
1538971200,408.0000
1538971260,413.0000
1538971320,413.0000
1538971380,413.0000
1538971440,410.0000
1538971500,411.0000
1538971560,411.0000
1538971620,412.0000
1538971680,408.0000
1538971740,411.0000
1538971800,411.0000
1538971860,398.0000
1538971920,412.0000
1538971980,412.0000
1538972040,412.0000
1538972100,412.0000
1538972160,412.0000
1538972220,409.0000
1538972280,412.0000
1538972340,410.0000
1538972400,413.0000
1538972460,412.0000
1538972520,413.0000
1538972580,412.0000
1538972640,413.0000
1538972700,412.0000
1538972760,411.0000
1538972820,411.0000
1538972880,406.0000
1538972940,406.0000
1538973000,403.0000
1538973060,405.0000
1538973120,405.0000
1538973180,405.0000
1538973240,402.0000
1538973300,402.0000
1538973360,405.0000
1538973420,405.0000
1538973480,405.0000
1538973540,402.0000
1538973600,405.0000
1538973660,406.0000
1538973720,406.0000
1538973780,393.0000
1538973840,405.0000
1538973900,404.0000
1538973960,405.0000
1538974020,405.0000
1538974080,404.0000
1538974140,404.0000
1538974200,404.0000
1538974260,404.0000
1538974320,404.0000
1538974380,404.0000
1538974440,403.0000
1538974500,404.0000
1538974560,404.0000
1538974620,403.0000
1538974680,403.0000
1538974740,403.0000
1538974800,401.0000
1538974860,400.0000
1538974920,403.0000
1538974980,403.0000
1538975040,401.0000
1538975100,403.0000
1538975160,403.0000
1538975220,400.0000
1538975280,402.0000
1538975340,399.0000
1538975400,400.0000
1538975460,402.0000
1538975520,402.0000
1538975580,399.0000
1538975640,399.0000
1538975700,388.0000
1538975760,402.0000
1538975820,402.0000
1538975880,402.0000
1538975940,403.0000
1538976000,403.0000
1538976060,403.0000
1538976120,403.0000
1538976180,402.0000
1538976240,402.0000
1538976300,401.0000
1538976360,402.0000
1538976420,401.0000
1538976480,401.0000
1538976540,401.0000
1538976600,401.0000
1538976660,397.0000
1538976720,397.0000
1538976780,401.0000
1538976840,401.0000
1538976900,397.0000
1538976960,396.0000
1538977020,401.0000
1538977080,400.0000
1538977140,400.0000
1538977200,397.0000
1538977260,399.0000
1538977320,400.0000
1538977380,400.0000
1538977440,397.0000
1538977500,398.0000
1538977560,400.0000
1538977620,386.0000
1538977680,400.0000
1538977740,400.0000
1538977800,401.0000
1538977860,400.0000
1538977920,400.0000
1538977980,400.0000
1538978040,400.0000
1538978100,400.0000
1538978160,401.0000
1538978220,400.0000
1538978280,400.0000
1538978340,400.0000
1538978400,401.0000
1538978460,401.0000
1538978520,400.0000
1538978580,401.0000
1538978640,401.0000
1538978700,401.0000
1538978760,397.0000
1538978820,401.0000
1538978880,401.0000
1538978940,400.0000
1538979000,400.0000
1538979060,396.0000
1538979120,399.0000
1538979180,400.0000
1538979240,399.0000
1538979300,399.0000
1538979360,400.0000
1538979420,399.0000
1538979480,399.0000
1538979540,387.0000
1538979600,400.0000
1538979660,402.0000
1538979720,402.0000
1538979780,401.0000
1538979840,401.0000
1538979900,401.0000
1538979960,400.0000
1538980020,400.0000
1538980080,401.0000
1538980140,401.0000
1538980200,401.0000
1538980260,401.0000
1538980320,401.0000
1538980380,402.0000
1538980440,402.0000
1538980500,402.0000
1538980560,401.0000
1538980620,401.0000
1538980680,401.0000
1538980740,402.0000
1538980800,401.0000
1538980860,400.0000
1538980920,400.0000
1538980980,400.0000
1538981040,400.0000
1538981100,397.0000
1538981160,401.0000
1538981220,400.0000
1538981280,401.0000
1538981340,398.0000
1538981400,394.0000
1538981460,387.0000
1538981520,368.0000
1538981580,399.0000
1538981640,400.0000
1538981700,401.0000
1538981760,401.0000
1538981820,397.0000
1538981880,401.0000
1538981940,401.0000
1538982000,401.0000
1538982060,401.0000
1538982120,402.0000
1538982180,402.0000
1538982240,401.0000
1538982300,402.0000
1538982360,401.0000
1538982420,401.0000
1538982480,397.0000
1538982540,398.0000
1538982600,401.0000
1538982660,401.0000
1538982720,397.0000
1538982780,396.0000
1538982840,400.0000
1538982900,400.0000
1538982960,397.0000
1538983020,398.0000
1538983080,400.0000
1538983140,401.0000
1538983200,397.0000
1538983260,397.0000
1538983320,400.0000
1538983380,387.0000
1538983440,387.0000
1538983500,400.0000
1538983560,400.0000
1538983620,401.0000
1538983680,400.0000
1538983740,400.0000
1538983800,400.0000
1538983860,401.0000
1538983920,398.0000
1538983980,394.0000
1538984040,394.0000
1538984100,394.0000
1538984160,394.0000
1538984220,394.0000
1538984280,394.0000
1538984340,393.0000
1538984400,397.0000
1538984460,394.0000
1538984520,396.0000
1538984580,394.0000
1538984640,396.0000
1538984700,396.0000
1538984760,396.0000
1538984820,393.0000
1538984880,394.0000
1538984940,397.0000
1538985000,396.0000
1538985060,394.0000
1538985120,394.0000
1538985180,398.0000
1538985240,398.0000
1538985300,394.0000
1538985360,384.0000
1538985420,396.0000
1538985480,396.0000
1538985540,396.0000
1538985600,393.0000
1538985660,396.0000
1538985720,394.0000
1538985780,396.0000
1538985840,396.0000
1538985900,394.0000
1538985960,396.0000
1538986020,396.0000
1538986080,396.0000
1538986140,396.0000
1538986200,396.0000
1538986260,396.0000
1538986320,394.0000
1538986380,393.0000
1538986440,393.0000
1538986500,394.0000
1538986560,394.0000
1538986620,394.0000
1538986680,391.0000
1538986740,393.0000
1538986800,394.0000
1538986860,393.0000
1538986920,394.0000
1538986980,393.0000
1538987040,393.0000
1538987100,393.0000
1538987160,393.0000
1538987220,394.0000
1538987280,382.0000
1538987340,393.0000
1538987400,394.0000
1538987460,394.0000
1538987520,394.0000
1538987580,393.0000
1538987640,393.0000
1538987700,393.0000
1538987760,394.0000
1538987820,393.0000
1538987880,393.0000
1538987940,393.0000
1538988000,392.0000
1538988060,392.0000
1538988120,393.0000
1538988180,393.0000
1538988240,393.0000
1538988300,393.0000
1538988360,393.0000
1538988420,392.0000
1538988480,394.0000
1538988540,394.0000
1538988600,394.0000
1538988660,394.0000
1538988720,394.0000
1538988780,394.0000
1538988840,394.0000
1538988900,394.0000
1538988960,394.0000
1538989020,392.0000
1538989080,392.0000
1538989140,394.0000
1538989200,382.0000
1538989260,396.0000
1538989320,394.0000
1538989380,396.0000
1538989440,396.0000
1538989500,396.0000
1538989560,396.0000
1538989620,394.0000
1538989680,394.0000
1538989740,392.0000
1538989800,394.0000
1538989860,394.0000
1538989920,394.0000
1538989980,394.0000
1538990040,392.0000
1538990100,394.0000
1538990160,394.0000
1538990220,394.0000
1538990280,394.0000
1538990340,393.0000
1538990400,394.0000
1538990460,394.0000
1538990520,394.0000
1538990580,391.0000
1538990640,392.0000
1538990700,394.0000
1538990760,394.0000
1538990820,393.0000
1538990880,394.0000
1538990940,394.0000
1538991000,394.0000
1538991060,394.0000
1538991120,382.0000
1538991180,394.0000
1538991240,394.0000
1538991300,394.0000
1538991360,394.0000
1538991420,394.0000
1538991480,394.0000
1538991540,394.0000
1538991600,396.0000
1538991660,394.0000
1538991720,394.0000
1538991780,396.0000
1538991840,396.0000
1538991900,396.0000
1538991960,396.0000
1538992020,394.0000
1538992080,394.0000
1538992140,394.0000
1538992200,394.0000
1538992260,394.0000
1538992320,394.0000
1538992380,394.0000
1538992440,394.0000
1538992500,394.0000
1538992560,394.0000
1538992620,394.0000
1538992680,394.0000
1538992740,394.0000
1538992800,394.0000
1538992860,394.0000
1538992920,394.0000
1538992980,394.0000
1538993040,382.0000
1538993100,394.0000
1538993160,394.0000
1538993220,394.0000
1538993280,394.0000
1538993340,394.0000
1538993400,393.0000
1538993460,393.0000
1538993520,393.0000
1538993580,393.0000
1538993640,393.0000
1538993700,394.0000
1538993760,393.0000
1538993820,393.0000
1538993880,393.0000
1538993940,393.0000
1538994000,393.0000
1538994060,393.0000
1538994120,393.0000
1538994180,393.0000
1538994240,393.0000
1538994300,393.0000
1538994360,393.0000
1538994420,393.0000
1538994480,393.0000
1538994540,393.0000
1538994600,393.0000
1538994660,394.0000
1538994720,393.0000
1538994780,394.0000
1538994840,394.0000
1538994900,394.0000
1538994960,382.0000
1538995020,394.0000
1538995080,394.0000
1538995140,396.0000
1538995200,394.0000
1538995260,394.0000
1538995320,394.0000
1538995380,394.0000
1538995440,394.0000
1538995500,394.0000
1538995560,396.0000
1538995620,394.0000
1538995680,396.0000
1538995740,394.0000
1538995800,394.0000
1538995860,394.0000
1538995920,396.0000
1538995980,394.0000
1538996040,394.0000
1538996100,394.0000
1538996160,394.0000
1538996220,394.0000
1538996280,394.0000
1538996340,394.0000
1538996400,394.0000
1538996460,394.0000
1538996520,394.0000
1538996580,394.0000
1538996640,394.0000
1538996700,394.0000
1538996760,394.0000
1538996820,394.0000
1538996880,382.0000
1538996940,394.0000
1538997000,394.0000
1538997060,396.0000
1538997120,394.0000
1538997180,394.0000
1538997240,394.0000
1538997300,394.0000
1538997360,394.0000
1538997420,394.0000
1538997480,394.0000
1538997540,394.0000
1538997600,394.0000
1538997660,394.0000
1538997720,394.0000
1538997780,394.0000
1538997840,394.0000
1538997900,394.0000
1538997960,394.0000
1538998020,394.0000
1538998080,394.0000
1538998140,394.0000
1538998200,394.0000
1538998260,393.0000
1538998320,393.0000
1538998380,394.0000
1538998440,393.0000
1538998500,394.0000
1538998560,393.0000
1538998620,393.0000
1538998680,394.0000
1538998740,393.0000
1538998800,384.0000
1538998860,392.0000
1538998920,393.0000
1538998980,393.0000
1538999040,393.0000
1538999100,394.0000
1538999160,393.0000
1538999220,394.0000
1538999280,393.0000
1538999340,393.0000
1538999400,393.0000
1538999460,393.0000
1538999520,394.0000
1538999580,393.0000
1538999640,394.0000
1538999700,393.0000
1538999760,394.0000
1538999820,393.0000
1538999880,393.0000
1538999940,393.0000
1539000000,393.0000
1539000060,393.0000
1539000120,393.0000
1539000180,393.0000
1539000240,393.0000
1539000300,393.0000
1539000360,393.0000
1539000420,393.0000
1539000480,393.0000
1539000540,393.0000
1539000600,393.0000
1539000660,393.0000
1539000720,381.0000
1539000780,380.0000
1539000840,393.0000
1539000900,393.0000
1539000960,392.0000
1539001020,393.0000
1539001080,393.0000
1539001140,393.0000
1539001200,393.0000
1539001260,393.0000
1539001320,393.0000
1539001380,393.0000
1539001440,393.0000
1539001500,393.0000
1539001560,393.0000
1539001620,393.0000
1539001680,393.0000
1539001740,393.0000
1539001800,393.0000
1539001860,393.0000
1539001920,393.0000
1539001980,393.0000
1539002040,393.0000
1539002100,393.0000
1539002160,393.0000
1539002220,392.0000
1539002280,392.0000
1539002340,393.0000
1539002400,393.0000
1539002460,392.0000
1539002520,392.0000
1539002580,392.0000
1539002640,392.0000
1539002700,380.0000
1539002760,393.0000
1539002820,391.0000
1539002880,394.0000
1539002940,394.0000
1539003000,394.0000
1539003060,394.0000
1539003120,393.0000
1539003180,392.0000
1539003240,403.0000
1539003300,405.0000
1539003360,405.0000
1539003420,405.0000
1539003480,405.0000
1539003540,405.0000
1539003600,404.0000
1539003660,403.0000
1539003720,404.0000
1539003780,404.0000
1539003840,404.0000
1539003900,404.0000
1539003960,404.0000
1539004020,404.0000
1539004080,403.0000
1539004140,403.0000
1539004200,403.0000
1539004260,403.0000
1539004320,404.0000
1539004380,404.0000
1539004440,404.0000
1539004500,404.0000
1539004560,403.0000
1539004620,391.0000
1539004680,404.0000
1539004740,403.0000
1539004800,404.0000
1539004860,403.0000
1539004920,403.0000
1539004980,404.0000
1539005040,404.0000
1539005100,405.0000
1539005160,404.0000
1539005220,404.0000
1539005280,404.0000
1539005340,404.0000
1539005400,404.0000
1539005460,403.0000
1539005520,404.0000
1539005580,404.0000
1539005640,403.0000
1539005700,404.0000
1539005760,404.0000
1539005820,403.0000
1539005880,404.0000
1539005940,404.0000
1539006000,403.0000
1539006060,403.0000
1539006120,403.0000
1539006180,403.0000
1539006240,403.0000
1539006300,403.0000
1539006360,403.0000
1539006420,403.0000
1539006480,402.0000
1539006540,390.0000
1539006600,403.0000
1539006660,403.0000
1539006720,403.0000
1539006780,403.0000
1539006840,403.0000
1539006900,403.0000
1539006960,403.0000
1539007020,403.0000
1539007080,403.0000
1539007140,403.0000
1539007200,403.0000
1539007260,403.0000
1539007320,402.0000
1539007380,403.0000
1539007440,402.0000
1539007500,403.0000
1539007560,403.0000
1539007620,402.0000
1539007680,403.0000
1539007740,402.0000
1539007800,402.0000
1539007860,402.0000
1539007920,402.0000
1539007980,402.0000
1539008040,403.0000
1539008100,402.0000
1539008160,402.0000
1539008220,402.0000
1539008280,402.0000
1539008340,402.0000
1539008400,392.0000
1539008460,390.0000
1539008520,401.0000
1539008580,403.0000
1539008640,403.0000
1539008700,403.0000
1539008760,403.0000
1539008820,404.0000
1539008880,404.0000
1539008940,403.0000
1539009000,404.0000
1539009060,403.0000
1539009120,404.0000
1539009180,404.0000
1539009240,403.0000
1539009300,403.0000
1539009360,403.0000
1539009420,403.0000
1539009480,403.0000
1539009540,403.0000
1539009600,403.0000
1539009660,403.0000
1539009720,403.0000
1539009780,403.0000
1539009840,403.0000
1539009900,403.0000
1539009960,404.0000
1539010020,403.0000
1539010080,404.0000
1539010140,404.0000
1539010200,403.0000
1539010260,403.0000
1539010320,403.0000
1539010380,391.0000
1539010440,404.0000
1539010500,404.0000
1539010560,404.0000
1539010620,404.0000
1539010680,404.0000
1539010740,404.0000
1539010800,404.0000
1539010860,404.0000
1539010920,404.0000
1539010980,404.0000
1539011040,404.0000
1539011100,404.0000
1539011160,404.0000
1539011220,405.0000
1539011280,404.0000
1539011340,403.0000
1539011400,404.0000
1539011460,404.0000
1539011520,404.0000
1539011580,404.0000
1539011640,404.0000
1539011700,404.0000
1539011760,404.0000
1539011820,404.0000
1539011880,404.0000
1539011940,404.0000
1539012000,404.0000
1539012060,404.0000
1539012120,404.0000
1539012180,404.0000
1539012240,404.0000
1539012300,392.0000
1539012360,404.0000
1539012420,404.0000
1539012480,404.0000
1539012540,404.0000
1539012600,404.0000
1539012660,404.0000
1539012720,404.0000
1539012780,404.0000
1539012840,404.0000
1539012900,405.0000
1539012960,404.0000
1539013020,405.0000
1539013080,404.0000
1539013140,404.0000
1539013200,404.0000
1539013260,404.0000
1539013320,404.0000
1539013380,404.0000
1539013440,404.0000
1539013500,404.0000
1539013560,404.0000
1539013620,404.0000
1539013680,404.0000
1539013740,404.0000
1539013800,404.0000
1539013860,404.0000
1539013920,404.0000
1539013980,404.0000
1539014040,404.0000
1539014100,404.0000
1539014160,404.0000
1539014220,392.0000
1539014280,402.0000
1539014340,404.0000
1539014400,404.0000
1539014460,404.0000
1539014520,404.0000
1539014580,405.0000
1539014640,405.0000
1539014700,405.0000
1539014760,405.0000
1539014820,404.0000
1539014880,404.0000
1539014940,404.0000
1539015000,404.0000
1539015060,405.0000
1539015120,404.0000
1539015180,404.0000
1539015240,405.0000
1539015300,405.0000
1539015360,405.0000
1539015420,405.0000
1539015480,391.0000
1539015540,405.0000
1539015600,405.0000
1539015660,404.0000
1539015720,405.0000
1539015780,404.0000
1539015840,405.0000
1539015900,405.0000
1539015960,405.0000
1539016020,405.0000
1539016080,404.0000
1539016140,393.0000
1539016200,405.0000
1539016260,405.0000
1539016320,405.0000
1539016380,405.0000
1539016440,405.0000
1539016500,405.0000
1539016560,405.0000
1539016620,405.0000
1539016680,405.0000
1539016740,405.0000
1539016800,406.0000
1539016860,406.0000
1539016920,406.0000
1539016980,405.0000
1539017040,405.0000
1539017100,405.0000
1539017160,405.0000
1539017220,404.0000
1539017280,404.0000
1539017340,404.0000
1539017400,405.0000
1539017460,404.0000
1539017520,405.0000
1539017580,404.0000
1539017640,404.0000
1539017700,405.0000
1539017760,404.0000
1539017820,405.0000
1539017880,404.0000
1539017940,404.0000
1539018000,405.0000
1539018060,392.0000
1539018120,404.0000
1539018180,404.0000
1539018240,405.0000
1539018300,404.0000
1539018360,404.0000
1539018420,404.0000
1539018480,404.0000
1539018540,404.0000
1539018600,405.0000
1539018660,404.0000
1539018720,404.0000
1539018780,404.0000
1539018840,404.0000
1539018900,404.0000
1539018960,403.0000
1539019020,403.0000
1539019080,404.0000
1539019140,404.0000
1539019200,404.0000
1539019260,404.0000
1539019320,404.0000
1539019380,403.0000
1539019440,404.0000
1539019500,404.0000
1539019560,404.0000
1539019620,404.0000
1539019680,404.0000
1539019740,405.0000
1539019800,404.0000
1539019860,404.0000
1539019920,403.0000
1539019980,391.0000
1539020040,403.0000
1539020100,404.0000
1539020160,404.0000
1539020220,404.0000
1539020280,404.0000
1539020340,403.0000
1539020400,404.0000
1539020460,404.0000
1539020520,403.0000
1539020580,403.0000
1539020640,403.0000
1539020700,403.0000
1539020760,404.0000
1539020820,404.0000
1539020880,404.0000
1539020940,404.0000
1539021000,404.0000
1539021060,404.0000
1539021120,404.0000
1539021180,404.0000
1539021240,404.0000
1539021300,403.0000
1539021360,403.0000
1539021420,402.0000
1539021480,403.0000
1539021540,402.0000
1539021600,402.0000
1539021660,403.0000
1539021720,402.0000
1539021780,402.0000
1539021840,402.0000
1539021900,391.0000
1539021960,391.0000
1539022020,402.0000
1539022080,402.0000
1539022140,403.0000
1539022200,402.0000
1539022260,403.0000
1539022320,402.0000
1539022380,402.0000
1539022440,403.0000
1539022500,402.0000
1539022560,402.0000
1539022620,402.0000
1539022680,402.0000
1539022740,402.0000
1539022800,403.0000
1539022860,403.0000
1539022920,402.0000
1539022980,402.0000
1539023040,403.0000
1539023100,403.0000
1539023160,403.0000
1539023220,404.0000
1539023280,404.0000
1539023340,404.0000
1539023400,404.0000
1539023460,403.0000
1539023520,403.0000
1539023580,404.0000
1539023640,403.0000
1539023700,403.0000
1539023760,403.0000
1539023820,393.0000
1539023880,392.0000
1539023940,404.0000
1539024000,404.0000
1539024060,404.0000
1539024120,404.0000
1539024180,404.0000
1539024240,405.0000
1539024300,405.0000
1539024360,404.0000
1539024420,404.0000
1539024480,405.0000
1539024540,404.0000
1539024600,404.0000
1539024660,405.0000
1539024720,404.0000
1539024780,405.0000
1539024840,405.0000
1539024900,405.0000
1539024960,406.0000
1539025020,405.0000
1539025080,406.0000
1539025140,405.0000
1539025200,405.0000
1539025260,405.0000
1539025320,406.0000
1539025380,405.0000
1539025440,406.0000
1539025500,405.0000
1539025560,405.0000
1539025620,406.0000
1539025680,406.0000
1539025740,405.0000
1539025800,394.0000
1539025860,406.0000
1539025920,406.0000
1539025980,406.0000
1539026040,408.0000
1539026100,408.0000
1539026160,408.0000
1539026220,409.0000
1539026280,408.0000
1539026340,406.0000
1539026400,408.0000
1539026460,406.0000
1539026520,406.0000
1539026580,406.0000
1539026640,406.0000
1539026700,406.0000
1539026760,406.0000
1539026820,403.0000
1539026880,403.0000
1539026940,402.0000
1539027000,403.0000
1539027060,403.0000
1539027120,406.0000
1539027180,405.0000
1539027240,406.0000
1539027300,406.0000
1539027360,406.0000
1539027420,406.0000
1539027480,406.0000
1539027540,408.0000
1539027600,408.0000
1539027660,408.0000
1539027720,396.0000
1539027780,409.0000
1539027840,410.0000
1539027900,410.0000
1539027960,410.0000
1539028020,408.0000
1539028080,409.0000
1539028140,409.0000
1539028200,409.0000
1539028260,409.0000
1539028320,409.0000
1539028380,410.0000
1539028440,409.0000
1539028500,410.0000
1539028560,409.0000
1539028620,410.0000
1539028680,410.0000
1539028740,410.0000
1539028800,410.0000
1539028860,410.0000
1539028920,410.0000
1539028980,410.0000
1539029040,410.0000
1539029100,410.0000
1539029160,411.0000
1539029220,410.0000
1539029280,410.0000
1539029340,411.0000
1539029400,411.0000
1539029460,411.0000
1539029520,397.0000
1539029580,398.0000
1539029640,398.0000
1539029700,411.0000
1539029760,411.0000
1539029820,411.0000
1539029880,411.0000
1539029940,412.0000
1539030000,412.0000
1539030060,412.0000
1539030120,412.0000
1539030180,411.0000
1539030240,412.0000
1539030300,412.0000
1539030360,412.0000
1539030420,412.0000
1539030480,412.0000
1539030540,412.0000
1539030600,412.0000
1539030660,412.0000
1539030720,412.0000
1539030780,412.0000
1539030840,412.0000
1539030900,412.0000
1539030960,413.0000
1539031020,413.0000
1539031080,413.0000
1539031140,413.0000
1539031200,413.0000
1539031260,413.0000
1539031320,413.0000
1539031380,414.0000
1539031440,413.0000
1539031500,414.0000
1539031560,402.0000
1539031620,414.0000
1539031680,415.0000
1539031740,415.0000
1539031800,415.0000
1539031860,415.0000
1539031920,415.0000
1539031980,415.0000
1539032040,415.0000
1539032100,416.0000
1539032160,416.0000
1539032220,418.0000
1539032280,416.0000
1539032340,417.0000
1539032400,417.0000
1539032460,418.0000
1539032520,418.0000
1539032580,420.0000
1539032640,420.0000
1539032700,421.0000
1539032760,421.0000
1539032820,422.0000
1539032880,422.0000
1539032940,423.0000
1539033000,423.0000
1539033060,423.0000
1539033120,424.0000
1539033180,425.0000
1539033240,424.0000
1539033300,426.0000
1539033360,426.0000
1539033420,425.0000
1539033480,412.0000
1539033540,427.0000
1539033600,428.0000
1539033660,427.0000
1539033720,428.0000
1539033780,428.0000
1539033840,429.0000
1539033900,430.0000
1539033960,430.0000
1539034020,432.0000
1539034080,433.0000
1539034140,434.0000
1539034200,434.0000
1539034260,434.0000
1539034320,435.0000
1539034380,435.0000
1539034440,436.0000
1539034500,438.0000
1539034560,439.0000
1539034620,439.0000
1539034680,441.0000
1539034740,441.0000
1539034800,441.0000
1539034860,445.0000
1539034920,447.0000
1539034980,448.0000
1539035040,449.0000
1539035100,452.0000
1539035160,514.0000
1539035220,513.0000
1539035280,511.0000
1539035340,498.0000
1539035400,495.0000
1539035460,487.0000
1539035520,483.0000
1539035580,484.0000
1539035640,487.0000
1539035700,486.0000
1539035760,472.0000
1539035820,466.0000
1539035880,460.0000
1539035940,459.0000
1539036000,460.0000
1539036060,466.0000
1539036120,469.0000
1539036180,459.0000
1539036240,461.0000
1539036300,460.0000
1539036360,460.0000
1539036420,461.0000
1539036480,469.0000
1539036540,464.0000
1539036600,464.0000
1539036660,451.0000
1539036720,449.0000
1539036780,449.0000
1539036840,448.0000
1539036900,449.0000
1539036960,449.0000
1539037020,449.0000
1539037080,449.0000
1539037140,449.0000
1539037200,449.0000
1539037260,450.0000
1539037320,438.0000
1539037380,451.0000
1539037440,450.0000
1539037500,452.0000
1539037560,457.0000
1539037620,450.0000
1539037680,451.0000
1539037740,449.0000
1539037800,449.0000
1539037860,448.0000
1539037920,448.0000
1539037980,447.0000
1539038040,447.0000
1539038100,447.0000
1539038160,447.0000
1539038220,447.0000
1539038280,448.0000
1539038340,435.0000
1539038400,432.0000
1539038460,448.0000
1539038520,448.0000
1539038580,448.0000
1539038640,448.0000
1539038700,448.0000
1539038760,448.0000
1539038820,489.0000
1539038880,518.0000
1539038940,516.0000
1539039000,517.0000
1539039060,516.0000
1539039120,516.0000
1539039180,516.0000
1539039240,502.0000
1539039300,450.0000
1539039360,460.0000
1539039420,459.0000
1539039480,453.0000
1539039540,450.0000
1539039600,449.0000
1539039660,449.0000
1539039720,449.0000
1539039780,449.0000
1539039840,457.0000
1539039900,458.0000
1539039960,457.0000
1539040020,457.0000
1539040080,457.0000
1539040140,454.0000
1539040200,456.0000
1539040260,456.0000
1539040320,456.0000
1539040380,454.0000
1539040440,453.0000
1539040500,453.0000
1539040560,454.0000
1539040620,457.0000
1539040680,454.0000
1539040740,456.0000
1539040800,454.0000
1539040860,456.0000
1539040920,456.0000
1539040980,454.0000
1539041040,456.0000
1539041100,456.0000
1539041160,441.0000
1539041220,456.0000
1539041280,456.0000
1539041340,454.0000
1539041400,454.0000
1539041460,453.0000
1539041520,453.0000
1539041580,453.0000
1539041640,452.0000
1539041700,454.0000
1539041760,453.0000
1539041820,453.0000
1539041880,453.0000
1539041940,451.0000
1539042000,451.0000
1539042060,452.0000
1539042120,452.0000
1539042180,452.0000
1539042240,452.0000
1539042300,452.0000
1539042360,451.0000
1539042420,451.0000
1539042480,451.0000
1539042540,450.0000
1539042600,451.0000
1539042660,451.0000
1539042720,451.0000
1539042780,451.0000
1539042840,451.0000
1539042900,450.0000
1539042960,450.0000
1539043020,451.0000
1539043080,438.0000
1539043140,450.0000
1539043200,450.0000
1539043260,449.0000
1539043320,450.0000
1539043380,450.0000
1539043440,450.0000
1539043500,450.0000
1539043560,450.0000
1539043620,450.0000
1539043680,450.0000
1539043740,450.0000
1539043800,451.0000
1539043860,451.0000
1539043920,450.0000
1539043980,450.0000
1539044040,450.0000
1539044100,450.0000
1539044160,451.0000
1539044220,450.0000
1539044280,450.0000
1539044340,450.0000
1539044400,450.0000
1539044460,452.0000
1539044520,451.0000
1539044580,478.0000
1539044640,485.0000
1539044700,478.0000
1539044760,451.0000
1539044820,449.0000
1539044880,518.0000
1539044940,521.0000
1539045000,507.0000
1539045060,519.0000
1539045120,516.0000
1539045180,518.0000
1539045240,511.0000
1539045300,513.0000
1539045360,517.0000
1539045420,516.0000
1539045480,518.0000
1539045540,518.0000
1539045600,518.0000
1539045660,496.0000
1539045720,494.0000
1539045780,488.0000
1539045840,486.0000
1539045900,481.0000
1539045960,480.0000
1539046020,519.0000
1539046080,520.0000
1539046140,520.0000
1539046200,518.0000
1539046260,516.0000
1539046320,518.0000
1539046380,518.0000
1539046440,478.0000
1539046500,478.0000
1539046560,485.0000
1539046620,477.0000
1539046680,477.0000
1539046740,469.0000
1539046800,481.0000
1539046860,482.0000
1539046920,470.0000
1539046980,485.0000
1539047040,487.0000
1539047100,481.0000
1539047160,484.0000
1539047220,481.0000
1539047280,497.0000
1539047340,487.0000
1539047400,497.0000
1539047460,480.0000
1539047520,477.0000
1539047580,478.0000
1539047640,476.0000
1539047700,495.0000
1539047760,473.0000
1539047820,482.0000
1539047880,480.0000
1539047940,483.0000
1539048000,481.0000
1539048060,476.0000
1539048120,476.0000
1539048180,478.0000
1539048240,478.0000
1539048300,480.0000
1539048360,478.0000
1539048420,475.0000
1539048480,473.0000
1539048540,471.0000
1539048600,470.0000
1539048660,471.0000
1539048720,470.0000
1539048780,472.0000
1539048840,459.0000
1539048900,457.0000
1539048960,470.0000
1539049020,470.0000
1539049080,470.0000
1539049140,470.0000
1539049200,469.0000
1539049260,469.0000
1539049320,469.0000
1539049380,462.0000
1539049440,453.0000
1539049500,448.0000
1539049560,449.0000
1539049620,448.0000
1539049680,447.0000
1539049740,448.0000
1539049800,446.0000
1539049860,448.0000
1539049920,449.0000
1539049980,449.0000
1539050040,448.0000
1539050100,449.0000
1539050160,453.0000
1539050220,452.0000
1539050280,456.0000
1539050340,457.0000
1539050400,451.0000
1539050460,449.0000
1539050520,450.0000
1539050580,449.0000
1539050640,451.0000
1539050700,453.0000
1539050760,451.0000
1539050820,457.0000
1539050880,460.0000
1539050940,458.0000
1539051000,464.0000
1539051060,457.0000
1539051120,449.0000
1539051180,450.0000
1539051240,449.0000
1539051300,450.0000
1539051360,441.0000
1539051420,440.0000
1539051480,439.0000
1539051540,439.0000
1539051600,438.0000
1539051660,438.0000
1539051720,436.0000
1539051780,437.0000
1539051840,435.0000
1539051900,434.0000
1539051960,434.0000
1539052020,437.0000
1539052080,437.0000
1539052140,434.0000
1539052200,437.0000
1539052260,434.0000
1539052320,433.0000
1539052380,436.0000
1539052440,435.0000
1539052500,436.0000
1539052560,433.0000
1539052620,435.0000
1539052680,435.0000
1539052740,420.0000
1539052800,435.0000
1539052860,436.0000
1539052920,435.0000
1539052980,435.0000
1539053040,435.0000
1539053100,434.0000
1539053160,435.0000
1539053220,434.0000
1539053280,435.0000
1539053340,435.0000
1539053400,434.0000
1539053460,434.0000
1539053520,434.0000
1539053580,434.0000
1539053640,433.0000
1539053700,433.0000
1539053760,434.0000
1539053820,434.0000
1539053880,430.0000
1539053940,430.0000
1539054000,433.0000
1539054060,433.0000
1539054120,430.0000
1539054180,433.0000
1539054240,430.0000
1539054300,433.0000
1539054360,433.0000
1539054420,429.0000
1539054480,429.0000
1539054540,432.0000
1539054600,428.0000
1539054660,415.0000
1539054720,432.0000
1539054780,432.0000
1539054840,432.0000
1539054900,432.0000
1539054960,430.0000
1539055020,430.0000
1539055080,430.0000
1539055140,430.0000
1539055200,430.0000
1539055260,430.0000
1539055320,430.0000
1539055380,430.0000
1539055440,430.0000
1539055500,429.0000
1539055560,429.0000
1539055620,429.0000
1539055680,430.0000
1539055740,429.0000
1539055800,430.0000
1539055860,430.0000
1539055920,432.0000
1539055980,430.0000
1539056040,429.0000
1539056100,428.0000
1539056160,429.0000
1539056220,430.0000
1539056280,429.0000
1539056340,429.0000
1539056400,430.0000
1539056460,429.0000
1539056520,429.0000
1539056580,413.0000
1539056640,429.0000
1539056700,430.0000
1539056760,429.0000
1539056820,429.0000
1539056880,429.0000
1539056940,429.0000
1539057000,429.0000
1539057060,428.0000
1539057120,429.0000
1539057180,428.0000
1539057240,428.0000
1539057300,429.0000
1539057360,428.0000
1539057420,428.0000
1539057480,429.0000
1539057540,429.0000
1539057600,426.0000
1539057660,426.0000
1539057720,429.0000
1539057780,429.0000
1539057840,426.0000
1539057900,425.0000
1539057960,429.0000
1539058020,429.0000
1539058080,428.0000
1539058140,426.0000
1539058200,428.0000
1539058260,428.0000
1539058320,428.0000
1539058380,428.0000
1539058440,427.0000
1539058500,412.0000
1539058560,428.0000
1539058620,428.0000
1539058680,428.0000
1539058740,429.0000
1539058800,429.0000
1539058860,429.0000
1539058920,428.0000
1539058980,429.0000
1539059040,429.0000
1539059100,429.0000
1539059160,429.0000
1539059220,428.0000
1539059280,429.0000
1539059340,428.0000
1539059400,429.0000
1539059460,429.0000
1539059520,426.0000
1539059580,428.0000
1539059640,429.0000
1539059700,426.0000
1539059760,426.0000
1539059820,427.0000
1539059880,428.0000
1539059940,429.0000
1539060000,426.0000
1539060060,427.0000
1539060120,428.0000
1539060180,429.0000
1539060240,426.0000
1539060300,426.0000
1539060360,428.0000
1539060420,413.0000
1539060480,428.0000
1539060540,428.0000
1539060600,429.0000
1539060660,429.0000
1539060720,429.0000
1539060780,429.0000
1539060840,429.0000
1539060900,429.0000
1539060960,427.0000
1539061020,429.0000
1539061080,429.0000
1539061140,429.0000
1539061200,427.0000
1539061260,429.0000
1539061320,429.0000
1539061380,429.0000
1539061440,429.0000
1539061500,429.0000
1539061560,428.0000
1539061620,429.0000
1539061680,429.0000
1539061740,429.0000
1539061800,429.0000
1539061860,429.0000
1539061920,429.0000
1539061980,430.0000
1539062040,429.0000
1539062100,430.0000
1539062160,429.0000
1539062220,430.0000
1539062280,430.0000
1539062340,414.0000
1539062400,429.0000
1539062460,430.0000
1539062520,430.0000
1539062580,430.0000
1539062640,430.0000
1539062700,430.0000
1539062760,427.0000
1539062820,430.0000
1539062880,430.0000
1539062940,430.0000
1539063000,430.0000
1539063060,430.0000
1539063120,430.0000
1539063180,428.0000
1539063240,432.0000
1539063300,430.0000
1539063360,432.0000
1539063420,429.0000
1539063480,428.0000
1539063540,432.0000
1539063600,428.0000
1539063660,428.0000
1539063720,429.0000
1539063780,432.0000
1539063840,432.0000
1539063900,433.0000
1539063960,429.0000
1539064020,432.0000
1539064080,429.0000
1539064140,429.0000
1539064200,429.0000
1539064260,414.0000
1539064320,430.0000
1539064380,432.0000
1539064440,432.0000
1539064500,433.0000
1539064560,432.0000
1539064620,433.0000
1539064680,433.0000
1539064740,432.0000
1539064800,433.0000
1539064860,432.0000
1539064920,433.0000
1539064980,432.0000
1539065040,432.0000
1539065100,432.0000
1539065160,432.0000
1539065220,432.0000
1539065280,429.0000
1539065340,433.0000
1539065400,432.0000
1539065460,429.0000
1539065520,432.0000
1539065580,433.0000
1539065640,429.0000
1539065700,433.0000
1539065760,429.0000
1539065820,429.0000
1539065880,429.0000
1539065940,432.0000
1539066000,428.0000
1539066060,428.0000
1539066120,429.0000
1539066180,414.0000
1539066240,430.0000
1539066300,430.0000
1539066360,432.0000
1539066420,432.0000
1539066480,432.0000
1539066540,430.0000
1539066600,430.0000
1539066660,432.0000
1539066720,432.0000
1539066780,433.0000
1539066840,432.0000
1539066900,432.0000
1539066960,433.0000
1539067020,432.0000
1539067080,432.0000
1539067140,415.0000
1539067200,433.0000
1539067260,433.0000
1539067320,433.0000
1539067380,429.0000
1539067440,434.0000
1539067500,433.0000
1539067560,429.0000
1539067620,429.0000
1539067680,428.0000
1539067740,433.0000
1539067800,432.0000
1539067860,430.0000
1539067920,429.0000
1539067980,433.0000
1539068040,433.0000
1539068100,418.0000
1539068160,432.0000
1539068220,433.0000
1539068280,434.0000
1539068340,434.0000
1539068400,433.0000
1539068460,433.0000
1539068520,434.0000
1539068580,433.0000
1539068640,434.0000
1539068700,435.0000
1539068760,435.0000
1539068820,436.0000
1539068880,435.0000
1539068940,434.0000
1539069000,434.0000
1539069060,434.0000
1539069120,433.0000
1539069180,434.0000
1539069240,433.0000
1539069300,433.0000
1539069360,434.0000
1539069420,434.0000
1539069480,435.0000
1539069540,435.0000
1539069600,435.0000
1539069660,435.0000
1539069720,435.0000
1539069780,434.0000
1539069840,433.0000
1539069900,434.0000
1539069960,433.0000
1539070020,416.0000
1539070080,432.0000
1539070140,434.0000
1539070200,433.0000
1539070260,434.0000
1539070320,434.0000
1539070380,433.0000
1539070440,434.0000
1539070500,434.0000
1539070560,434.0000
1539070620,433.0000
1539070680,430.0000
1539070740,433.0000
1539070800,429.0000
1539070860,433.0000
1539070920,433.0000
1539070980,434.0000
1539071040,430.0000
1539071100,430.0000
1539071160,433.0000
1539071220,432.0000
1539071280,432.0000
1539071340,433.0000
1539071400,436.0000
1539071460,435.0000
1539071520,436.0000
1539071580,433.0000
1539071640,433.0000
1539071700,437.0000
1539071760,437.0000
1539071820,434.0000
1539071880,433.0000
1539071940,430.0000
1539072000,428.0000
1539072060,444.0000
1539072120,442.0000
1539072180,442.0000
1539072240,441.0000
1539072300,440.0000
1539072360,441.0000
1539072420,441.0000
1539072480,441.0000
1539072540,440.0000
1539072600,441.0000
1539072660,441.0000
1539072720,444.0000
1539072780,441.0000
1539072840,448.0000
1539072900,450.0000
1539072960,439.0000
1539073020,445.0000
1539073080,444.0000
1539073140,440.0000
1539073200,441.0000
1539073260,440.0000
1539073320,438.0000
1539073380,438.0000
1539073440,435.0000
1539073500,437.0000
1539073560,437.0000
1539073620,439.0000
1539073680,435.0000
1539073740,435.0000
1539073800,437.0000
1539073860,440.0000
1539073920,426.0000
1539073980,437.0000
1539074040,440.0000
1539074100,440.0000
1539074160,440.0000
1539074220,438.0000
1539074280,441.0000
1539074340,440.0000
1539074400,438.0000
1539074460,440.0000
1539074520,438.0000
1539074580,440.0000
1539074640,440.0000
1539074700,438.0000
1539074760,436.0000
1539074820,440.0000
1539074880,441.0000
1539074940,440.0000
1539075000,436.0000
1539075060,436.0000
1539075120,438.0000
1539075180,439.0000
1539075240,439.0000
1539075300,436.0000
1539075360,439.0000
1539075420,440.0000
1539075480,439.0000
1539075540,437.0000
1539075600,439.0000
1539075660,439.0000
1539075720,440.0000
1539075780,437.0000
1539075840,425.0000
1539075900,439.0000
1539075960,439.0000
1539076020,440.0000
1539076080,440.0000
1539076140,439.0000
1539076200,440.0000
1539076260,439.0000
1539076320,439.0000
1539076380,438.0000
1539076440,439.0000
1539076500,439.0000
1539076560,439.0000
1539076620,438.0000
1539076680,439.0000
1539076740,439.0000
1539076800,439.0000
1539076860,439.0000
1539076920,437.0000
1539076980,440.0000
1539077040,439.0000
1539077100,440.0000
1539077160,440.0000
1539077220,440.0000
1539077280,440.0000
1539077340,440.0000
1539077400,439.0000
1539077460,440.0000
1539077520,440.0000
1539077580,439.0000
1539077640,438.0000
1539077700,432.0000
1539077760,415.0000
1539077820,401.0000
1539077880,398.0000
1539077940,399.0000
1539078000,398.0000
1539078060,397.0000
1539078120,397.0000
1539078180,397.0000
1539078240,398.0000
1539078300,397.0000
1539078360,398.0000
1539078420,397.0000
1539078480,397.0000
1539078540,396.0000
1539078600,397.0000
1539078660,397.0000
1539078720,396.0000
1539078780,397.0000
1539078840,396.0000
1539078900,396.0000
1539078960,396.0000
1539079020,396.0000
1539079080,396.0000
1539079140,396.0000
1539079200,396.0000
1539079260,396.0000
1539079320,396.0000
1539079380,396.0000
1539079440,394.0000
1539079500,394.0000
1539079560,396.0000
1539079620,386.0000
1539079680,384.0000
1539079740,396.0000
1539079800,396.0000
1539079860,396.0000
1539079920,394.0000
1539079980,396.0000
1539080040,394.0000
1539080100,396.0000
1539080160,396.0000
1539080220,396.0000
1539080280,396.0000
1539080340,394.0000
1539080400,394.0000
1539080460,394.0000
1539080520,394.0000
1539080580,394.0000
1539080640,394.0000
1539080700,394.0000
1539080760,396.0000
1539080820,396.0000
1539080880,396.0000
1539080940,396.0000
1539081000,396.0000
1539081060,394.0000
1539081120,394.0000
1539081180,396.0000
1539081240,396.0000
1539081300,396.0000
1539081360,396.0000
1539081420,394.0000
1539081480,394.0000
1539081540,384.0000
1539081600,385.0000
1539081660,396.0000
1539081720,394.0000
1539081780,396.0000
1539081840,396.0000
1539081900,396.0000
1539081960,396.0000
1539082020,396.0000
1539082080,396.0000
1539082140,396.0000
1539082200,396.0000
1539082260,396.0000
1539082320,396.0000
1539082380,396.0000
1539082440,396.0000
1539082500,396.0000
1539082560,396.0000
1539082620,396.0000
1539082680,396.0000
1539082740,396.0000
1539082800,396.0000
1539082860,396.0000
1539082920,396.0000
1539082980,396.0000
1539083040,396.0000
1539083100,396.0000
1539083160,394.0000
1539083220,396.0000
1539083280,394.0000
1539083340,394.0000
1539083400,394.0000
1539083460,394.0000
1539083520,384.0000
1539083580,396.0000
1539083640,394.0000
1539083700,394.0000
1539083760,394.0000
1539083820,394.0000
1539083880,394.0000
1539083940,394.0000
1539084000,394.0000
1539084060,394.0000
1539084120,394.0000
1539084180,394.0000
1539084240,393.0000
1539084300,394.0000
1539084360,393.0000
1539084420,393.0000
1539084480,393.0000
1539084540,393.0000
1539084600,393.0000
1539084660,393.0000
1539084720,393.0000
1539084780,393.0000
1539084840,392.0000
1539084900,393.0000
1539084960,392.0000
1539085020,392.0000
1539085080,392.0000
1539085140,392.0000
1539085200,392.0000
1539085260,392.0000
1539085320,392.0000
1539085380,391.0000
1539085440,380.0000
1539085500,392.0000
1539085560,392.0000
1539085620,392.0000
1539085680,392.0000
1539085740,392.0000
1539085800,392.0000
1539085860,392.0000
1539085920,393.0000
1539085980,392.0000
1539086040,393.0000
1539086100,393.0000
1539086160,393.0000
1539086220,393.0000
1539086280,393.0000
1539086340,393.0000
1539086400,393.0000
1539086460,393.0000
1539086520,393.0000
1539086580,393.0000
1539086640,393.0000
1539086700,393.0000
1539086760,393.0000
1539086820,393.0000
1539086880,393.0000
1539086940,393.0000
1539087000,393.0000
1539087060,393.0000
1539087120,393.0000
1539087180,393.0000
1539087240,393.0000
1539087300,381.0000
1539087360,382.0000
1539087420,394.0000
1539087480,394.0000
1539087540,393.0000
1539087600,394.0000
1539087660,394.0000
1539087720,394.0000
1539087780,394.0000
1539087840,394.0000
1539087900,394.0000
1539087960,394.0000
1539088020,394.0000
1539088080,394.0000
1539088140,394.0000
1539088200,394.0000
1539088260,394.0000
1539088320,393.0000
1539088380,394.0000
1539088440,394.0000
1539088500,394.0000
1539088560,394.0000
1539088620,394.0000
1539088680,394.0000
1539088740,394.0000
1539088800,394.0000
1539088860,394.0000
1539088920,394.0000
1539088980,394.0000
1539089040,394.0000
1539089100,394.0000
1539089160,394.0000
1539089220,394.0000
1539089280,382.0000
1539089340,393.0000
1539089400,394.0000
1539089460,394.0000
1539089520,394.0000
1539089580,394.0000
1539089640,396.0000
1539089700,396.0000
1539089760,396.0000
1539089820,396.0000
1539089880,396.0000
1539089940,394.0000
1539090000,394.0000
1539090060,394.0000
1539090120,394.0000
1539090180,394.0000
1539090240,394.0000
1539090300,394.0000
1539090360,394.0000
1539090420,394.0000
1539090480,394.0000
1539090540,393.0000
1539090600,394.0000
1539090660,394.0000
1539090720,393.0000
1539090780,394.0000
1539090840,394.0000
1539090900,394.0000
1539090960,394.0000
1539091020,394.0000
1539091080,393.0000
1539091140,393.0000
1539091200,382.0000
1539091260,394.0000
1539091320,393.0000
1539091380,393.0000
1539091440,394.0000
1539091500,394.0000
1539091560,394.0000
1539091620,394.0000
1539091680,394.0000
1539091740,394.0000
1539091800,394.0000
1539091860,394.0000
1539091920,394.0000
1539091980,394.0000
1539092040,394.0000
1539092100,394.0000
1539092160,394.0000
1539092220,394.0000
1539092280,394.0000
1539092340,394.0000
1539092400,396.0000
1539092460,396.0000
1539092520,396.0000
1539092580,396.0000
1539092640,396.0000
1539092700,396.0000
1539092760,396.0000
1539092820,396.0000
1539092880,394.0000
1539092940,396.0000
1539093000,396.0000
1539093060,396.0000
1539093120,384.0000
1539093180,394.0000
1539093240,396.0000
1539093300,396.0000
1539093360,396.0000
1539093420,396.0000
1539093480,396.0000
1539093540,396.0000
1539093600,396.0000
1539093660,396.0000
1539093720,396.0000
1539093780,396.0000
1539093840,396.0000
1539093900,396.0000
1539093960,396.0000
1539094020,396.0000
1539094080,396.0000
1539094140,397.0000
1539094200,397.0000
1539094260,397.0000
1539094320,397.0000
1539094380,397.0000
1539094440,397.0000
1539094500,397.0000
1539094560,397.0000
1539094620,397.0000
1539094680,396.0000
1539094740,397.0000
1539094800,397.0000
1539094860,396.0000
1539094920,397.0000
1539094980,396.0000
1539095040,385.0000
1539095100,396.0000
1539095160,397.0000
1539095220,397.0000
1539095280,397.0000
1539095340,396.0000
1539095400,396.0000
1539095460,396.0000
1539095520,396.0000
1539095580,396.0000
1539095640,396.0000
1539095700,396.0000
1539095760,396.0000
1539095820,396.0000
1539095880,396.0000
1539095940,397.0000
1539096000,396.0000
1539096060,396.0000
1539096120,396.0000
1539096180,396.0000
1539096240,396.0000
1539096300,396.0000
1539096360,396.0000
1539096420,396.0000
1539096480,396.0000
1539096540,394.0000
1539096600,394.0000
1539096660,394.0000
1539096720,394.0000
1539096780,394.0000
1539096840,394.0000
1539096900,396.0000
1539096960,386.0000
1539097020,394.0000
1539097080,396.0000
1539097140,396.0000
1539097200,396.0000
1539097260,396.0000
1539097320,396.0000
1539097380,396.0000
1539097440,396.0000
1539097500,396.0000
1539097560,396.0000
1539097620,394.0000
1539097680,396.0000
1539097740,396.0000
1539097800,394.0000
1539097860,396.0000
1539097920,396.0000
1539097980,396.0000
1539098040,396.0000
1539098100,396.0000
1539098160,396.0000
1539098220,396.0000
1539098280,396.0000
1539098340,396.0000
1539098400,396.0000
1539098460,396.0000
1539098520,396.0000
1539098580,396.0000
1539098640,396.0000
1539098700,396.0000
1539098760,396.0000
1539098820,396.0000
1539098880,386.0000
1539098940,394.0000
1539099000,397.0000
1539099060,396.0000
1539099120,397.0000
1539099180,396.0000
1539099240,397.0000
1539099300,397.0000
1539099360,397.0000
1539099420,397.0000
1539099480,397.0000
1539099540,397.0000
1539099600,397.0000
1539099660,397.0000
1539099720,397.0000
1539099780,397.0000
1539099840,396.0000
1539099900,397.0000
1539099960,396.0000
1539100020,396.0000
1539100080,396.0000
1539100140,396.0000
1539100200,396.0000
1539100260,396.0000
1539100320,396.0000
1539100380,396.0000
1539100440,396.0000
1539100500,396.0000
1539100560,396.0000
1539100620,396.0000
1539100680,397.0000
1539100740,396.0000
1539100800,387.0000
1539100860,385.0000
1539100920,397.0000
1539100980,396.0000
1539101040,396.0000
1539101100,396.0000
1539101160,396.0000
1539101220,396.0000
1539101280,396.0000
1539101340,396.0000
1539101400,396.0000
1539101460,396.0000
1539101520,394.0000
1539101580,396.0000
1539101640,394.0000
1539101700,394.0000
1539101760,396.0000
1539101820,394.0000
1539101880,394.0000
1539101940,396.0000
1539102000,396.0000
1539102060,396.0000
1539102120,396.0000
1539102180,396.0000
1539102240,396.0000
1539102300,396.0000
1539102360,396.0000
1539102420,396.0000
1539102480,396.0000
1539102540,396.0000
1539102600,396.0000
1539102660,396.0000
1539102720,386.0000
1539102780,385.0000
1539102840,396.0000
1539102900,396.0000
1539102960,396.0000
1539103020,397.0000
1539103080,396.0000
1539103140,396.0000
1539103200,396.0000
1539103260,397.0000
1539103320,396.0000
1539103380,396.0000
1539103440,396.0000
1539103500,396.0000
1539103560,396.0000
1539103620,396.0000
1539103680,396.0000
1539103740,396.0000
1539103800,396.0000
1539103860,396.0000
1539103920,396.0000
1539103980,396.0000
1539104040,396.0000
1539104100,394.0000
1539104160,396.0000
1539104220,396.0000
1539104280,396.0000
1539104340,396.0000
1539104400,396.0000
1539104460,394.0000
1539104520,394.0000
1539104580,394.0000
1539104640,386.0000
1539104700,385.0000
1539104760,396.0000
1539104820,396.0000
1539104880,396.0000
1539104940,384.0000
1539105000,394.0000
1539105060,396.0000
1539105120,396.0000
1539105180,396.0000
1539105240,396.0000
1539105300,396.0000
1539105360,396.0000
1539105420,396.0000
1539105480,396.0000
1539105540,396.0000
1539105600,396.0000
1539105660,396.0000
1539105720,394.0000
1539105780,394.0000
1539105840,394.0000
1539105900,394.0000
1539105960,394.0000
1539106020,394.0000
1539106080,394.0000
1539106140,394.0000
1539106200,394.0000
1539106260,394.0000
1539106320,394.0000
1539106380,394.0000
1539106440,393.0000
1539106500,393.0000
1539106560,381.0000
1539106620,382.0000
1539106680,394.0000
1539106740,394.0000
1539106800,393.0000
1539106860,393.0000
1539106920,394.0000
1539106980,394.0000
1539107040,394.0000
1539107100,393.0000
1539107160,394.0000
1539107220,393.0000
1539107280,394.0000
1539107340,394.0000
1539107400,394.0000
1539107460,394.0000
1539107520,394.0000
1539107580,394.0000
1539107640,394.0000
1539107700,394.0000
1539107760,393.0000
1539107820,393.0000
1539107880,392.0000
1539107940,392.0000
1539108000,392.0000
1539108060,391.0000
1539108120,391.0000
1539108180,390.0000
1539108240,390.0000
1539108300,390.0000
1539108360,389.0000
1539108420,389.0000
1539108480,388.0000
1539108540,378.0000
1539108600,389.0000
1539108660,390.0000
1539108720,389.0000
1539108780,389.0000
1539108840,390.0000
1539108900,390.0000
1539108960,389.0000
1539109020,390.0000
1539109080,389.0000
1539109140,390.0000
1539109200,391.0000
1539109260,390.0000
1539109320,390.0000
1539109380,390.0000
1539109440,390.0000
1539109500,390.0000
1539109560,390.0000
1539109620,391.0000
1539109680,390.0000
1539109740,391.0000
1539109800,390.0000
1539109860,391.0000
1539109920,391.0000
1539109980,390.0000
1539110040,391.0000
1539110100,389.0000
1539110160,391.0000
1539110220,391.0000
1539110280,391.0000
1539110340,391.0000
1539110400,390.0000
1539110460,379.0000
1539110520,390.0000
1539110580,391.0000
1539110640,391.0000
1539110700,391.0000
1539110760,391.0000
1539110820,391.0000
1539110880,391.0000
1539110940,391.0000
1539111000,392.0000
1539111060,391.0000
1539111120,392.0000
1539111180,392.0000
1539111240,392.0000
1539111300,392.0000
1539111360,392.0000
1539111420,392.0000
1539111480,393.0000
1539111540,393.0000
1539111600,393.0000
1539111660,393.0000
1539111720,393.0000
1539111780,393.0000
1539111840,393.0000
1539111900,393.0000
1539111960,393.0000
1539112020,393.0000
1539112080,393.0000
1539112140,393.0000
1539112200,393.0000
1539112260,393.0000
1539112320,393.0000
1539112380,381.0000
1539112440,394.0000
1539112500,393.0000
1539112560,393.0000
1539112620,393.0000
1539112680,393.0000
1539112740,393.0000
1539112800,394.0000
1539112860,393.0000
1539112920,393.0000
1539112980,393.0000
1539113040,393.0000
1539113100,393.0000
1539113160,393.0000
1539113220,393.0000
1539113280,394.0000
1539113340,394.0000
1539113400,394.0000
1539113460,394.0000
1539113520,393.0000
1539113580,393.0000
1539113640,394.0000
1539113700,394.0000
1539113760,393.0000
1539113820,393.0000
1539113880,393.0000
1539113940,394.0000
1539114000,394.0000
1539114060,394.0000
1539114120,394.0000
1539114180,394.0000
1539114240,394.0000
1539114300,382.0000
1539114360,396.0000
1539114420,396.0000
1539114480,396.0000
1539114540,394.0000
1539114600,394.0000
1539114660,394.0000
1539114720,394.0000
1539114780,393.0000
1539114840,394.0000
1539114900,394.0000
1539114960,394.0000
1539115020,394.0000
1539115080,394.0000
1539115140,394.0000
1539115200,394.0000
1539115260,393.0000
1539115320,393.0000
1539115380,393.0000
1539115440,393.0000
1539115500,393.0000
1539115560,393.0000
1539115620,394.0000
1539115680,392.0000
1539115740,393.0000
1539115800,394.0000
1539115860,394.0000
1539115920,394.0000
1539115980,394.0000
1539116040,394.0000
1539116100,394.0000
1539116160,394.0000
1539116220,382.0000
1539116280,394.0000
1539116340,394.0000
1539116400,394.0000
1539116460,394.0000
1539116520,394.0000
1539116580,394.0000
1539116640,394.0000
1539116700,394.0000
1539116760,394.0000
1539116820,394.0000
1539116880,393.0000
1539116940,394.0000
1539117000,394.0000
1539117060,393.0000
1539117120,394.0000
1539117180,393.0000
1539117240,393.0000
1539117300,393.0000
1539117360,393.0000
1539117420,392.0000
1539117480,393.0000
1539117540,392.0000
1539117600,393.0000
1539117660,393.0000
1539117720,393.0000
1539117780,393.0000
1539117840,393.0000
1539117900,392.0000
1539117960,393.0000
1539118020,392.0000
1539118080,380.0000
1539118140,380.0000
1539118200,392.0000
1539118260,392.0000
1539118320,393.0000
1539118380,393.0000
1539118440,392.0000
1539118500,392.0000
1539118560,393.0000
1539118620,392.0000
1539118680,392.0000
1539118740,392.0000
1539118800,393.0000
1539118860,393.0000
1539118920,393.0000
1539118980,393.0000
1539119040,393.0000
1539119100,392.0000
1539119160,392.0000
1539119220,393.0000
1539119280,393.0000
1539119340,392.0000
1539119400,393.0000
1539119460,393.0000
1539119520,393.0000
1539119580,393.0000
1539119640,393.0000
1539119700,392.0000
1539119760,392.0000
1539119820,392.0000
1539119880,392.0000
1539119940,392.0000
1539120000,392.0000
1539120060,381.0000
1539120120,393.0000
1539120180,393.0000
1539120240,393.0000
1539120300,393.0000
1539120360,393.0000
1539120420,393.0000
1539120480,393.0000
1539120540,393.0000
1539120600,393.0000
1539120660,393.0000
1539120720,393.0000
1539120780,393.0000
1539120840,393.0000
1539120900,393.0000
1539120960,393.0000
1539121020,393.0000
1539121080,393.0000
1539121140,393.0000
1539121200,393.0000
1539121260,393.0000
1539121320,394.0000
1539121380,392.0000
1539121440,394.0000
1539121500,393.0000
1539121560,393.0000
1539121620,393.0000
1539121680,394.0000
1539121740,394.0000
1539121800,393.0000
1539121860,394.0000
1539121920,393.0000
1539121980,382.0000
1539122040,394.0000
1539122100,394.0000
1539122160,394.0000
1539122220,394.0000
1539122280,393.0000
1539122340,393.0000
1539122400,393.0000
1539122460,393.0000
1539122520,392.0000
1539122580,392.0000
1539122640,392.0000
1539122700,392.0000
1539122760,392.0000
1539122820,392.0000
1539122880,393.0000
1539122940,393.0000
1539123000,393.0000
1539123060,393.0000
1539123120,393.0000
1539123180,393.0000
1539123240,393.0000
1539123300,393.0000
1539123360,393.0000
1539123420,393.0000
1539123480,393.0000
1539123540,393.0000
1539123600,393.0000
1539123660,393.0000
1539123720,393.0000
1539123780,393.0000
1539123840,393.0000
1539123900,382.0000
1539123960,394.0000
1539124020,394.0000
1539124080,394.0000
1539124140,394.0000
1539124200,394.0000
1539124260,394.0000
1539124320,394.0000
1539124380,394.0000
1539124440,394.0000
1539124500,394.0000
1539124560,394.0000
1539124620,394.0000
1539124680,394.0000
1539124740,394.0000
1539124800,394.0000
1539124860,394.0000
1539124920,394.0000
1539124980,394.0000
1539125040,394.0000
1539125100,394.0000
1539125160,394.0000
1539125220,394.0000
1539125280,394.0000
1539125340,394.0000
1539125400,394.0000
1539125460,394.0000
1539125520,394.0000
1539125580,394.0000
1539125640,394.0000
1539125700,394.0000
1539125760,394.0000
1539125820,384.0000
1539125880,396.0000
1539125940,394.0000
1539126000,396.0000
1539126060,396.0000
1539126120,396.0000
1539126180,396.0000
1539126240,394.0000
1539126300,396.0000
1539126360,396.0000
1539126420,396.0000
1539126480,396.0000
1539126540,394.0000
1539126600,396.0000
1539126660,396.0000
1539126720,396.0000
1539126780,396.0000
1539126840,396.0000
1539126900,396.0000
1539126960,396.0000
1539127020,396.0000
1539127080,396.0000
1539127140,396.0000
1539127200,396.0000
1539127260,396.0000
1539127320,396.0000
1539127380,396.0000
1539127440,396.0000
1539127500,396.0000
1539127560,396.0000
1539127620,396.0000
1539127680,396.0000
1539127740,385.0000
1539127800,396.0000
1539127860,396.0000
1539127920,396.0000
1539127980,397.0000
1539128040,396.0000
1539128100,396.0000
1539128160,396.0000
1539128220,396.0000
1539128280,396.0000
1539128340,396.0000
1539128400,396.0000
1539128460,396.0000
1539128520,396.0000
1539128580,396.0000
1539128640,396.0000
1539128700,394.0000
1539128760,396.0000
1539128820,396.0000
1539128880,396.0000
1539128940,394.0000
1539129000,396.0000
1539129060,396.0000
1539129120,394.0000
1539129180,394.0000
1539129240,394.0000
1539129300,394.0000
1539129360,396.0000
1539129420,394.0000
1539129480,393.0000
1539129540,396.0000
1539129600,396.0000
1539129660,385.0000
1539129720,396.0000
1539129780,396.0000
1539129840,396.0000
1539129900,396.0000
1539129960,396.0000
1539130020,396.0000
1539130080,396.0000
1539130140,396.0000
1539130200,396.0000
1539130260,396.0000
1539130320,396.0000
1539130380,396.0000
1539130440,394.0000
1539130500,396.0000
1539130560,396.0000
1539130620,396.0000
1539130680,396.0000
1539130740,396.0000
1539130800,396.0000
1539130860,396.0000
1539130920,396.0000
1539130980,396.0000
1539131040,394.0000
1539131100,396.0000
1539131160,396.0000
1539131220,396.0000
1539131280,396.0000
1539131340,396.0000
1539131400,394.0000
1539131460,396.0000
1539131520,394.0000
1539131580,382.0000
1539131640,394.0000
1539131700,396.0000
1539131760,396.0000
1539131820,394.0000
1539131880,394.0000
1539131940,396.0000
1539132000,394.0000
1539132060,396.0000
1539132120,394.0000
1539132180,394.0000
1539132240,394.0000
1539132300,394.0000
1539132360,394.0000
1539132420,394.0000
1539132480,394.0000
1539132540,394.0000
1539132600,394.0000
1539132660,393.0000
1539132720,393.0000
1539132780,394.0000
1539132840,396.0000
1539132900,393.0000
1539132960,396.0000
1539133020,396.0000
1539133080,396.0000
1539133140,396.0000
1539133200,396.0000
1539133260,396.0000
1539133320,396.0000
1539133380,396.0000
1539133440,396.0000
1539133500,385.0000
1539133560,394.0000
1539133620,396.0000
1539133680,396.0000
1539133740,397.0000
1539133800,396.0000
1539133860,397.0000
1539133920,397.0000
1539133980,396.0000
1539134040,397.0000
1539134100,396.0000
1539134160,396.0000
1539134220,397.0000
1539134280,396.0000
1539134340,396.0000
1539134400,396.0000
1539134460,396.0000
1539134520,396.0000
1539134580,396.0000
1539134640,396.0000
1539134700,396.0000
1539134760,396.0000
1539134820,396.0000
1539134880,396.0000
1539134940,396.0000
1539135000,396.0000
1539135060,396.0000
1539135120,396.0000
1539135180,396.0000
1539135240,396.0000
1539135300,396.0000
1539135360,396.0000
1539135420,384.0000
1539135480,396.0000
1539135540,396.0000
1539135600,396.0000
1539135660,396.0000
1539135720,396.0000
1539135780,396.0000
1539135840,396.0000
1539135900,396.0000
1539135960,396.0000
1539136020,396.0000
1539136080,396.0000
1539136140,397.0000
1539136200,396.0000
1539136260,396.0000
1539136320,396.0000
1539136380,396.0000
1539136440,397.0000
1539136500,397.0000
1539136560,397.0000
1539136620,397.0000
1539136680,397.0000
1539136740,397.0000
1539136800,397.0000
1539136860,397.0000
1539136920,397.0000
1539136980,397.0000
1539137040,397.0000
1539137100,397.0000
1539137160,397.0000
1539137220,397.0000
1539137280,396.0000
1539137340,386.0000
1539137400,398.0000
1539137460,397.0000
1539137520,397.0000
1539137580,397.0000
1539137640,398.0000
1539137700,397.0000
1539137760,398.0000
1539137820,397.0000
1539137880,397.0000
1539137940,397.0000
1539138000,397.0000
1539138060,398.0000
1539138120,397.0000
1539138180,397.0000
1539138240,397.0000
1539138300,396.0000
1539138360,397.0000
1539138420,396.0000
1539138480,397.0000
1539138540,384.0000
1539138600,397.0000
1539138660,397.0000
1539138720,398.0000
1539138780,398.0000
1539138840,397.0000
1539138900,397.0000
1539138960,397.0000
1539139020,398.0000
1539139080,398.0000
1539139140,397.0000
1539139200,398.0000
1539139260,386.0000
1539139320,398.0000
1539139380,399.0000
1539139440,399.0000
1539139500,399.0000
1539139560,399.0000
1539139620,398.0000
1539139680,399.0000
1539139740,398.0000
1539139800,399.0000
1539139860,399.0000
1539139920,399.0000
1539139980,399.0000
1539140040,399.0000
1539140100,399.0000
1539140160,399.0000
1539140220,399.0000
1539140280,399.0000
1539140340,399.0000
1539140400,400.0000
1539140460,400.0000
1539140520,399.0000
1539140580,399.0000
1539140640,399.0000
1539140700,399.0000
1539140760,399.0000
1539140820,399.0000
1539140880,399.0000
1539140940,399.0000
1539141000,399.0000
1539141060,399.0000
1539141120,398.0000
1539141180,387.0000
1539141240,400.0000
1539141300,400.0000
1539141360,400.0000
1539141420,400.0000
1539141480,399.0000
1539141540,400.0000
1539141600,400.0000
1539141660,400.0000
1539141720,400.0000
1539141780,400.0000
1539141840,399.0000
1539141900,400.0000
1539141960,400.0000
1539142020,400.0000
1539142080,400.0000
1539142140,400.0000
1539142200,400.0000
1539142260,400.0000
1539142320,400.0000
1539142380,399.0000
1539142440,400.0000
1539142500,399.0000
1539142560,399.0000
1539142620,399.0000
1539142680,399.0000
1539142740,400.0000
1539142800,399.0000
1539142860,400.0000
1539142920,400.0000
1539142980,400.0000
1539143040,399.0000
1539143100,387.0000
1539143160,400.0000
1539143220,400.0000
1539143280,400.0000
1539143340,400.0000
1539143400,400.0000
1539143460,399.0000
1539143520,399.0000
1539143580,398.0000
1539143640,399.0000
1539143700,399.0000
1539143760,399.0000
1539143820,398.0000
1539143880,399.0000
1539143940,399.0000
1539144000,398.0000
1539144060,399.0000
1539144120,398.0000
1539144180,399.0000
1539144240,398.0000
1539144300,398.0000
1539144360,398.0000
1539144420,398.0000
1539144480,398.0000
1539144540,399.0000
1539144600,399.0000
1539144660,398.0000
1539144720,399.0000
1539144780,398.0000
1539144840,398.0000
1539144900,398.0000
1539144960,398.0000
1539145020,386.0000
1539145080,398.0000
1539145140,398.0000
1539145200,398.0000
1539145260,398.0000
1539145320,399.0000
1539145380,398.0000
1539145440,398.0000
1539145500,399.0000
1539145560,398.0000
1539145620,398.0000
1539145680,398.0000
1539145740,398.0000
1539145800,398.0000
1539145860,398.0000
1539145920,398.0000
1539145980,398.0000
1539146040,398.0000
1539146100,398.0000
1539146160,399.0000
1539146220,399.0000
1539146280,398.0000
1539146340,398.0000
1539146400,398.0000
1539146460,398.0000
1539146520,398.0000
1539146580,399.0000
1539146640,398.0000
1539146700,399.0000
1539146760,399.0000
1539146820,398.0000
1539146880,399.0000
1539146940,387.0000
1539147000,398.0000
1539147060,398.0000
1539147120,399.0000
1539147180,399.0000
1539147240,399.0000
1539147300,400.0000
1539147360,400.0000
1539147420,400.0000
1539147480,399.0000
1539147540,400.0000
1539147600,400.0000
1539147660,399.0000
1539147720,400.0000
1539147780,400.0000
1539147840,400.0000
1539147900,400.0000
1539147960,400.0000
1539148020,400.0000
1539148080,400.0000
1539148140,400.0000
1539148200,400.0000
1539148260,400.0000
1539148320,400.0000
1539148380,400.0000
1539148440,400.0000
1539148500,400.0000
1539148560,400.0000
1539148620,400.0000
1539148680,400.0000
1539148740,400.0000
1539148800,400.0000
1539148860,388.0000
1539148920,401.0000
1539148980,400.0000
1539149040,401.0000
1539149100,401.0000
1539149160,401.0000
1539149220,401.0000
1539149280,401.0000
1539149340,401.0000
1539149400,400.0000
1539149460,401.0000
1539149520,400.0000
1539149580,400.0000
1539149640,401.0000
1539149700,401.0000
1539149760,401.0000
1539149820,401.0000
1539149880,401.0000
1539149940,401.0000
1539150000,401.0000
1539150060,400.0000
1539150120,400.0000
1539150180,400.0000
1539150240,400.0000
1539150300,400.0000
1539150360,400.0000
1539150420,400.0000
1539150480,399.0000
1539150540,400.0000
1539150600,399.0000
1539150660,399.0000
1539150720,399.0000
1539150780,387.0000
1539150840,400.0000
1539150900,399.0000
1539150960,399.0000
1539151020,399.0000
1539151080,399.0000
1539151140,398.0000
1539151200,399.0000
1539151260,399.0000
1539151320,398.0000
1539151380,399.0000
1539151440,398.0000
1539151500,399.0000
1539151560,398.0000
1539151620,398.0000
1539151680,399.0000
1539151740,398.0000
1539151800,398.0000
1539151860,399.0000
1539151920,399.0000
1539151980,398.0000
1539152040,398.0000
1539152100,398.0000
1539152160,399.0000
1539152220,399.0000
1539152280,399.0000
1539152340,399.0000
1539152400,399.0000
1539152460,399.0000
1539152520,399.0000
1539152580,398.0000
1539152640,398.0000
1539152700,386.0000
1539152760,397.0000
1539152820,398.0000
1539152880,398.0000
1539152940,398.0000
1539153000,399.0000
1539153060,399.0000
1539153120,399.0000
1539153180,398.0000
1539153240,399.0000
1539153300,399.0000
1539153360,399.0000
1539153420,398.0000
1539153480,398.0000
1539153540,399.0000
1539153600,399.0000
1539153660,399.0000
1539153720,399.0000
1539153780,399.0000
1539153840,399.0000
1539153900,399.0000
1539153960,399.0000
1539154020,399.0000
1539154080,399.0000
1539154140,399.0000
1539154200,399.0000
1539154260,399.0000
1539154320,399.0000
1539154380,398.0000
1539154440,399.0000
1539154500,398.0000
1539154560,399.0000
1539154620,386.0000
1539154680,397.0000
1539154740,399.0000
1539154800,399.0000
1539154860,398.0000
1539154920,399.0000
1539154980,398.0000
1539155040,398.0000
1539155100,399.0000
1539155160,398.0000
1539155220,398.0000
1539155280,399.0000
1539155340,399.0000
1539155400,399.0000
1539155460,399.0000
1539155520,398.0000
1539155580,398.0000
1539155640,397.0000
1539155700,398.0000
1539155760,399.0000
1539155820,398.0000
1539155880,399.0000
1539155940,396.0000
1539156000,398.0000
1539156060,398.0000
1539156120,398.0000
1539156180,396.0000
1539156240,398.0000
1539156300,398.0000
1539156360,398.0000
1539156420,398.0000
1539156480,398.0000
1539156540,387.0000
1539156600,387.0000
1539156660,398.0000
1539156720,398.0000
1539156780,398.0000
1539156840,398.0000
1539156900,398.0000
1539156960,398.0000
1539157020,398.0000
1539157080,398.0000
1539157140,398.0000
1539157200,398.0000
1539157260,398.0000
1539157320,397.0000
1539157380,398.0000
1539157440,398.0000
1539157500,398.0000
1539157560,397.0000
1539157620,397.0000
1539157680,397.0000
1539157740,398.0000
1539157800,397.0000
1539157860,398.0000
1539157920,398.0000
1539157980,397.0000
1539158040,398.0000
1539158100,398.0000
1539158160,398.0000
1539158220,397.0000
1539158280,398.0000
1539158340,398.0000
1539158400,386.0000
1539158460,387.0000
1539158520,386.0000
1539158580,398.0000
1539158640,398.0000
1539158700,398.0000
1539158760,398.0000
1539158820,398.0000
1539158880,398.0000
1539158940,399.0000
1539159000,398.0000
1539159060,398.0000
1539159120,397.0000
1539159180,398.0000
1539159240,398.0000
1539159300,398.0000
1539159360,398.0000
1539159420,398.0000
1539159480,398.0000
1539159540,398.0000
1539159600,398.0000
1539159660,398.0000
1539159720,398.0000
1539159780,398.0000
1539159840,398.0000
1539159900,399.0000
1539159960,399.0000
1539160020,398.0000
1539160080,399.0000
1539160140,398.0000
1539160200,398.0000
1539160260,397.0000
1539160320,397.0000
1539160380,397.0000
1539160440,386.0000
1539160500,398.0000
1539160560,397.0000
1539160620,397.0000
1539160680,398.0000
1539160740,398.0000
1539160800,399.0000
1539160860,399.0000
1539160920,398.0000
1539160980,399.0000
1539161040,398.0000
1539161100,399.0000
1539161160,399.0000
1539161220,400.0000
1539161280,400.0000
1539161340,400.0000
1539161400,400.0000
1539161460,400.0000
1539161520,400.0000
1539161580,400.0000
1539161640,400.0000
1539161700,400.0000
1539161760,401.0000
1539161820,400.0000
1539161880,400.0000
1539161940,400.0000
1539162000,400.0000
1539162060,400.0000
1539162120,392.0000
1539162180,392.0000
1539162240,392.0000
1539162300,391.0000
1539162360,381.0000
1539162420,392.0000
1539162480,392.0000
1539162540,392.0000
1539162600,393.0000
1539162660,392.0000
