NODE,TIMESTAMP,VALUE,SLEEP_TIME_MOISTURE,MOISTURE_NSAMPLE,MOISTURE_NSAMPLE_TIME
3767310,1538595025,641.6600,5000000,50,400000
3767310,1538595085,641.0000,5000000,50,400000
3767310,1538595145,641.2600,5000000,50,400000
3767310,1538595205,644.4000,5000000,50,400000
3767310,1538595265,647.6000,5000000,50,400000
3767310,1538595325,646.2400,5000000,50,400000
3767310,1538595385,655.2600,5000000,50,400000
3767310,1538595445,649.5200,5000000,50,400000
3767310,1538595505,656.7600,5000000,50,400000
3767310,1538595565,652.9200,5000000,50,400000
3767310,1538595625,658.6200,5000000,50,400000
3767310,1538595685,661.4400,5000000,50,400000
3767310,1538595745,661.5400,5000000,50,400000
3767310,1538595805,671.3200,5000000,50,400000
3767310,1538595865,672.8400,5000000,50,400000
3767310,1538595925,664.9400,5000000,50,400000
3767310,1538595985,672.8800,5000000,50,400000
3767310,1538596045,664.8400,5000000,50,400000
3767310,1538596105,671.1600,5000000,50,400000
3767310,1538596165,674.2000,5000000,50,400000
3767310,1538596225,662.1200,5000000,50,400000
3767310,1538596285,662.1800,5000000,50,400000
3767310,1538596345,661.9800,5000000,50,400000
3767310,1538596405,667.0200,5000000,50,400000
3767310,1538596465,665.9000,5000000,50,400000
3767310,1538596525,664.0600,5000000,50,400000
3767310,1538596585,662.8800,5000000,50,400000
3767310,1538596645,631.4600,5000000,50,400000
3767310,1538596705,641.8200,5000000,50,400000
3767310,1538596765,672.2000,5000000,50,400000
3767310,1538596825,673.4800,5000000,50,400000
3767310,1538596885,675.8200,5000000,50,400000
3767310,1538596945,675.0800,5000000,50,400000
3767310,1538597005,671.7800,5000000,50,400000
3767310,1538597065,670.4400,5000000,50,400000
3767310,1538597125,669.1000,5000000,50,400000
3767310,1538597185,676.8800,5000000,50,400000
3767310,1538597245,679.7800,5000000,50,400000
3767310,1538597305,680.4400,5000000,50,400000
3767310,1538597365,679.6200,5000000,50,400000
3767310,1538597425,678.5600,5000000,50,400000
3767310,1538597485,674.3400,5000000,50,400000
3767310,1538597545,674.1800,5000000,50,400000
3767310,1538597605,680.9200,5000000,50,400000
3767310,1538597665,680.8800,5000000,50,400000
3767310,1538597725,675.6400,5000000,50,400000
3767310,1538597785,670.2800,5000000,50,400000
3767310,1538597845,672.7400,5000000,50,400000
3767310,1538597905,672.7200,5000000,50,400000
3767310,1538597965,675.8800,5000000,50,400000
3767310,1538598025,673.8000,5000000,50,400000
3767310,1538598085,678.4400,5000000,50,400000
3767310,1538598145,672.1800,5000000,50,400000
3767310,1538598205,672.7800,5000000,50,400000
3767310,1538598265,672.2800,5000000,50,400000
3767310,1538598325,673.3400,5000000,50,400000
3767310,1538598385,670.7600,5000000,50,400000
3767310,1538598445,672.1200,5000000,50,400000
3767310,1538598505,677.4200,5000000,50,400000
3767310,1538598565,636.4800,5000000,50,400000
3767310,1538598625,675.4000,5000000,50,400000
3767310,1538598685,671.1900,5000000,100,200000
3767310,1538598745,675.0300,5000000,100,200000
3767310,1538598805,676.2200,5000000,100,200000
3767310,1538598865,673.5300,5000000,100,200000
3767310,1538598925,680.6100,5000000,100,200000
3767310,1538598985,684.1500,5000000,100,200000
3767310,1538599045,679.2000,5000000,100,200000
3767310,1538599105,680.3100,5000000,100,200000
3767310,1538599165,686.1300,5000000,100,200000
3767310,1538599225,686.3300,5000000,100,200000
3767310,1538599285,674.8800,5000000,100,200000
3767310,1538599345,675.6000,5000000,100,200000
3767310,1538599405,684.2900,5000000,100,200000
3767310,1538599465,683.3600,5000000,100,200000
3767310,1538599525,687.1200,5000000,100,200000
3767310,1538599585,684.6200,5000000,100,200000
3767310,1538599645,684.8300,5000000,100,200000
3767310,1538599705,688.7500,5000000,100,200000
3767310,1538599765,689.4400,5000000,100,200000
3767310,1538599825,695.6300,5000000,100,200000
3767310,1538599885,680.5000,5000000,100,200000
3767310,1538599945,681.9200,5000000,100,200000
3767310,1538600005,691.2200,5000000,100,200000
3767310,1538600065,685.6500,5000000,100,200000
3767310,1538600125,669.6300,5000000,100,200000
3767310,1538600185,676.1900,5000000,100,200000
3767310,1538600245,671.0500,5000000,100,200000
3767310,1538600305,678.1100,5000000,100,200000
3767310,1538600365,679.5800,5000000,100,200000
3767310,1538600425,683.5700,5000000,100,200000
3767310,1538600485,652.8800,5000000,100,200000
3767310,1538600545,679.4400,5000000,100,200000
3767310,1538600605,683.0300,5000000,100,200000
3767310,1538600665,679.2400,5000000,100,200000
3767310,1538600725,687.7200,5000000,100,200000
3767310,1538600785,682.6500,5000000,100,200000
3767310,1538600845,680.6700,5000000,100,200000
3767310,1538600905,687.6900,5000000,100,200000
3767310,1538600965,687.5600,5000000,100,200000
3767310,1538601025,685.9800,5000000,100,200000
3767310,1538601085,686.5600,5000000,100,200000
3767310,1538601145,678.7900,5000000,100,200000
3767310,1538601205,666.3200,5000000,100,200000
3767310,1538601265,666.2400,5000000,100,200000
3767310,1538601325,670.8700,5000000,100,200000
3767310,1538601385,672.7600,5000000,100,200000
3767310,1538601445,663.0000,5000000,100,200000
3767310,1538601505,662.1400,5000000,100,200000
3767310,1538601565,671.3200,5000000,100,200000
3767310,1538601625,664.1600,5000000,100,200000
3767310,1538601685,662.7400,5000000,100,200000
3767310,1538601745,664.1600,5000000,100,200000
3767310,1538601805,671.8200,5000000,100,200000
3767310,1538601865,673.0700,5000000,100,200000
3767310,1538601925,666.3200,5000000,100,200000
3767310,1538601985,670.1600,5000000,100,200000
3767310,1538602045,668.7300,5000000,100,200000
3767310,1538602105,669.7500,5000000,100,200000
3767310,1538602165,667.6300,5000000,100,200000
3767310,1538602225,666.2400,5000000,100,200000
3767310,1538602285,677.3500,5000000,100,200000
3767310,1538602345,666.4400,5000000,150,133333
3767310,1538602405,641.5200,5000000,150,133333
3767310,1538602465,679.4400,5000000,150,133333
3767310,1538602525,669.0000,5000000,150,133333
3767310,1538602585,683.5133,5000000,150,133333
3767310,1538602645,684.3533,5000000,150,133333
3767310,1538602705,701.6733,5000000,150,133333
3767310,1538602765,675.3867,5000000,150,133333
3767310,1538602825,690.0133,5000000,150,133333
3767310,1538602885,681.3600,5000000,150,133333
3767310,1538602945,739.9400,5000000,150,133333
3767310,1538603005,694.8867,5000000,150,133333
3767310,1538603065,692.0267,5000000,150,133333
3767310,1538603125,697.6533,5000000,150,133333
3767310,1538603185,695.5933,5000000,150,133333
3767310,1538603245,689.2667,5000000,150,133333
3767310,1538603305,710.3200,5000000,150,133333
3767310,1538603365,705.8400,5000000,150,133333
3767310,1538603425,698.3467,5000000,150,133333
3767310,1538603485,699.5800,5000000,150,133333
3767310,1538603545,702.6400,5000000,150,133333
3767310,1538603605,696.9400,5000000,150,133333
3767310,1538603665,693.2267,5000000,150,133333
3767310,1538603725,697.8600,5000000,150,133333
3767310,1538603785,699.3000,5000000,150,133333
3767310,1538603845,689.9133,5000000,150,133333
3767310,1538603905,693.7800,5000000,150,133333
3767310,1538603965,690.4533,5000000,150,133333
3767310,1538604025,696.6267,5000000,150,133333
3767310,1538604085,691.6600,5000000,150,133333
3767310,1538604145,700.6133,5000000,150,133333
3767310,1538604205,684.5000,5000000,150,133333
3767310,1538604265,689.6333,5000000,150,133333
3767310,1538604325,654.2733,5000000,150,133333
3767310,1538604385,685.5467,5000000,150,133333
3767310,1538604445,683.8333,5000000,150,133333
3767310,1538604505,685.3933,5000000,150,133333
3767310,1538604565,703.5067,5000000,150,133333
3767310,1538604625,697.4800,5000000,150,133333
3767310,1538604685,694.5733,5000000,150,133333
3767310,1538604745,700.6600,5000000,150,133333
3767310,1538604805,695.4467,5000000,150,133333
3767310,1538604865,691.4000,5000000,150,133333
3767310,1538604925,694.9400,5000000,150,133333
3767310,1538604985,697.4600,5000000,150,133333
3767310,1538605045,687.3467,5000000,150,133333
3767310,1538605105,687.3667,5000000,150,133333
3767310,1538605165,689.5333,5000000,150,133333
3767310,1538605225,682.9533,5000000,150,133333
3767310,1538605285,691.9133,5000000,150,133333
3767310,1538605345,696.0533,5000000,150,133333
3767310,1538605405,688.2267,5000000,150,133333
3767310,1538605465,694.6400,5000000,150,133333
3767310,1538605525,696.1267,5000000,150,133333
3767310,1538605585,695.1933,5000000,150,133333
3767310,1538605645,691.8200,5000000,150,133333
3767310,1538605705,687.0733,5000000,150,133333
3767310,1538605765,692.3267,5000000,150,133333
3767310,1538605825,696.0667,5000000,150,133333
3767310,1538605885,685.1733,5000000,150,133333
3767310,1538605945,686.5267,5000000,150,133333
3767310,1538606005,686.4800,5000000,200,100000
3767310,1538606065,682.4550,5000000,200,100000
3767310,1538606125,687.9150,5000000,200,100000
3767310,1538606185,684.9900,5000000,200,100000
3767310,1538606245,657.4600,5000000,200,100000
3767310,1538606305,659.7250,5000000,200,100000
3767310,1538606365,688.9650,5000000,200,100000
3767310,1538606425,692.4500,5000000,200,100000
3767310,1538606485,683.4800,5000000,200,100000
3767310,1538606545,683.2600,5000000,200,100000
3767310,1538606605,685.2500,5000000,200,100000
3767310,1538606665,683.9850,5000000,200,100000
3767310,1538606725,690.9250,5000000,200,100000
3767310,1538606785,683.5200,5000000,200,100000
3767310,1538606845,684.4100,5000000,200,100000
3767310,1538606905,682.0800,5000000,200,100000
3767310,1538606965,681.5850,5000000,200,100000
3767310,1538607025,681.8850,5000000,200,100000
3767310,1538607085,684.7400,5000000,200,100000
3767310,1538607145,682.3500,5000000,200,100000
3767310,1538607205,682.1700,5000000,200,100000
3767310,1538607265,681.4050,5000000,200,100000
3767310,1538607325,681.9700,5000000,200,100000
3767310,1538607385,684.9750,5000000,200,100000
3767310,1538607445,682.1450,5000000,200,100000
3767310,1538607505,682.2450,5000000,200,100000
3767310,1538607565,682.8350,5000000,200,100000
3767310,1538607625,685.2950,5000000,200,100000
3767310,1538607685,682.4000,5000000,200,100000
3767310,1538607745,681.2400,5000000,200,100000
3767310,1538607805,679.8900,5000000,200,100000
3767310,1538607865,682.3150,5000000,200,100000
3767310,1538607925,681.7350,5000000,200,100000
3767310,1538607985,681.0700,5000000,200,100000
3767310,1538608045,682.2800,5000000,200,100000
3767310,1538608105,688.0200,5000000,200,100000
3767310,1538608165,657.5850,5000000,200,100000
3767310,1538608225,657.5150,5000000,200,100000
3767310,1538608285,687.3900,5000000,200,100000
3767310,1538608345,684.2600,5000000,200,100000
3767310,1538608405,681.3950,5000000,200,100000
3767310,1538608465,680.4700,5000000,200,100000
3767310,1538608525,681.5750,5000000,200,100000
3767310,1538608585,681.7900,5000000,200,100000
3767310,1538608645,681.1650,5000000,200,100000
3767310,1538608705,682.3150,5000000,200,100000
3767310,1538608765,684.3500,5000000,200,100000
3767310,1538608825,681.2600,5000000,200,100000
3767310,1538608885,682.0400,5000000,200,100000
3767310,1538608945,680.8400,5000000,200,100000
3767310,1538609005,681.1800,5000000,200,100000
3767310,1538609065,679.9050,5000000,200,100000
3767310,1538609125,680.5700,5000000,200,100000
3767310,1538609185,680.2350,5000000,200,100000
3767310,1538609245,679.9750,5000000,200,100000
3767310,1538609305,680.7800,5000000,200,100000
3767310,1538609365,681.2400,5000000,200,100000
3767310,1538609425,683.0400,5000000,200,100000
3767310,1538609485,682.1650,5000000,200,100000
3767310,1538609545,680.7100,5000000,200,100000
3767310,1538609605,681.4700,5000000,200,100000
3767310,1538609665,682.3840,5000000,250,80000
3767310,1538609725,682.6480,5000000,250,80000
3767310,1538609785,683.9280,5000000,250,80000
3767310,1538609845,686.6800,5000000,250,80000
3767310,1538609905,655.5240,5000000,250,80000
3767310,1538609965,682.9000,5000000,250,80000
3767310,1538610025,682.1440,5000000,250,80000
3767310,1538610085,685.4000,5000000,250,80000
3767310,1538610145,656.1240,5000000,250,80000
3767310,1538610205,690.5200,5000000,250,80000
3767310,1538610265,689.3560,5000000,250,80000
3767310,1538610325,683.6040,5000000,250,80000
3767310,1538610385,691.1680,5000000,250,80000
3767310,1538610445,695.0800,5000000,250,80000
3767310,1538610505,694.5800,5000000,250,80000
3767310,1538610565,690.4520,5000000,250,80000
3767310,1538610625,693.7840,5000000,250,80000
3767310,1538610685,689.6560,5000000,250,80000
3767310,1538610745,692.7960,5000000,250,80000
3767310,1538610805,692.2680,5000000,250,80000
3767310,1538610865,689.2200,5000000,250,80000
3767310,1538610925,689.6440,5000000,250,80000
3767310,1538610985,693.8280,5000000,250,80000
3767310,1538611045,695.8960,5000000,250,80000
3767310,1538611105,696.5040,5000000,250,80000
3767310,1538611165,695.6960,5000000,250,80000
3767310,1538611225,694.7040,5000000,250,80000
3767310,1538611285,695.4240,5000000,250,80000
3767310,1538611345,693.5840,5000000,250,80000
3767310,1538611405,694.6400,5000000,250,80000
3767310,1538611465,694.7360,5000000,250,80000
3767310,1538611525,695.8280,5000000,250,80000
3767310,1538611585,692.4320,5000000,250,80000
3767310,1538611645,693.2160,5000000,250,80000
3767310,1538611705,688.7920,5000000,250,80000
3767310,1538611765,684.8280,5000000,250,80000
3767310,1538611825,691.9200,5000000,250,80000
3767310,1538611885,689.5720,5000000,250,80000
3767310,1538611945,688.4960,5000000,250,80000
3767310,1538612005,686.0800,5000000,250,80000
3767310,1538612065,656.2320,5000000,250,80000
3767310,1538612125,686.9160,5000000,250,80000
3767310,1538612185,686.8200,5000000,250,80000
3767310,1538612245,681.1720,5000000,250,80000
3767310,1538612305,676.2440,5000000,250,80000
3767310,1538612365,678.1040,5000000,250,80000
3767310,1538612425,677.1800,5000000,250,80000
3767310,1538612485,679.0680,5000000,250,80000
3767310,1538612545,680.3360,5000000,250,80000
3767310,1538612605,682.0000,5000000,250,80000
3767310,1538612665,679.7920,5000000,250,80000
3767310,1538612725,680.2600,5000000,250,80000
3767310,1538612785,681.2000,5000000,250,80000
3767310,1538612845,685.1560,5000000,250,80000
3767310,1538612905,684.7240,5000000,250,80000
3767310,1538612965,685.9200,5000000,250,80000
3767310,1538613025,682.9040,5000000,250,80000
3767310,1538613085,680.9800,5000000,250,80000
3767310,1538613145,682.5640,5000000,250,80000
3767310,1538613205,684.1440,5000000,250,80000
3767310,1538613265,686.4880,5000000,250,80000
3767310,1538613325,687.8500,5000000,300,66667
3767310,1538613385,688.5900,5000000,300,66667
3767310,1538613445,685.5933,5000000,300,66667
3767310,1538613505,688.5767,5000000,300,66667
3767310,1538613565,690.0967,5000000,300,66667
3767310,1538613625,689.5033,5000000,300,66667
3767310,1538613685,688.9633,5000000,300,66667
3767310,1538613745,688.6133,5000000,300,66667
3767310,1538613805,686.5800,5000000,300,66667
3767310,1538613865,688.2900,5000000,300,66667
3767310,1538613925,687.6167,5000000,300,66667
3767310,1538613985,659.4900,5000000,300,66667
3767310,1538614045,687.9767,5000000,300,66667
3767310,1538614105,691.0733,5000000,300,66667
3767310,1538614165,690.0533,5000000,300,66667
3767310,1538614225,691.9233,5000000,300,66667
3767310,1538614285,694.6667,5000000,300,66667
3767310,1538614345,691.7333,5000000,300,66667
3767310,1538614405,692.0900,5000000,300,66667
3767310,1538614465,691.1300,5000000,300,66667
3767310,1538614525,694.5100,5000000,300,66667
3767310,1538614585,690.3067,5000000,300,66667
3767310,1538614725,671.4700,5000000,300,66667
3767310,1538614765,693.3267,5000000,300,66667
3767310,1538614825,687.1267,5000000,300,66667
3767310,1538614885,686.6033,5000000,300,66667
3767310,1538614945,688.4167,5000000,300,66667
3767310,1538615005,685.3133,5000000,300,66667
3767310,1538615065,689.5567,5000000,300,66667
3767310,1538615125,688.0100,5000000,300,66667
3767310,1538615485,684.9867,5000000,300,66667
3767310,1538615545,694.2800,5000000,300,66667
3767310,1538615605,696.2700,5000000,300,66667
3767310,1538615665,693.2533,5000000,300,66667
3767310,1538615725,693.2633,5000000,300,66667
3767310,1538615854,676.0467,5000000,300,66667
3767310,1538615905,667.3200,5000000,300,66667
3767310,1538615965,697.3367,5000000,300,66667
3767310,1538616025,707.2767,5000000,300,66667
3767310,1538616085,704.3767,5000000,300,66667
3767310,1538616145,703.1700,5000000,300,66667
3767310,1538616205,699.4667,5000000,300,66667
3767310,1538616265,696.4867,5000000,300,66667
3767310,1538616325,705.3300,5000000,300,66667
3767310,1538616445,706.1967,5000000,300,66667
3767310,1538616505,699.0767,5000000,300,66667
3767310,1538616565,705.5367,5000000,300,66667
3767310,1538616625,702.0567,5000000,300,66667
3767310,1538616685,700.2967,5000000,300,66667
3767310,1538616745,698.1100,5000000,300,66667
3767310,1538616805,695.5900,5000000,300,66667
3767310,1538616865,692.9833,5000000,300,66667
3767310,1538616925,695.9667,5000000,300,66667
3767310,1538617045,701.3933,5000000,300,66667
3767310,1538617105,695.5133,5000000,300,66667
3767310,1538617165,699.6533,5000000,300,66667
3767310,1538617225,699.6433,5000000,300,66667
3767310,1538617285,691.6033,5000000,300,66667
3767310,1538617345,694.6600,5000000,300,66667
3767310,1538617405,692.4533,5000000,300,66667
3767310,1538617465,692.5567,5000000,300,66667
3767310,1538617525,696.6686,5000000,350,57143
3767310,1538617648,703.8229,5000000,350,57143
3767310,1538617705,662.7800,5000000,350,57143
3767310,1538617765,694.0400,5000000,350,57143
3767310,1538617825,663.8886,5000000,350,57143
3767310,1538617885,697.4200,5000000,350,57143
3767310,1538617945,697.6714,5000000,350,57143
3767310,1538618005,710.9114,5000000,350,57143
3767310,1538618065,705.7086,5000000,350,57143
3767310,1538618125,706.3857,5000000,350,57143
3767310,1538618453,683.9886,5000000,350,57143
3767310,1538618485,719.1229,5000000,350,57143
3767310,1538618545,706.0029,5000000,350,57143
3767310,1538618605,706.4371,5000000,350,57143
3767310,1538618665,705.6314,5000000,350,57143
3767310,1538618725,706.7171,5000000,350,57143
3767310,1538618785,706.5686,5000000,350,57143
3767310,1538618859,687.5171,5000000,350,57143
3767310,1538618974,684.1486,5000000,350,57143
3767310,1538619025,708.3000,5000000,350,57143
3767310,1538619085,695.9114,5000000,350,57143
3767310,1538619145,703.6686,5000000,350,57143
3767310,1538619205,703.8886,5000000,350,57143
3767310,1538619265,706.4257,5000000,350,57143
3767310,1538619325,701.5571,5000000,350,57143
3767310,1538619538,679.2543,5000000,350,57143
3767310,1538619565,714.3914,5000000,350,57143
3767310,1538619625,697.1943,5000000,350,57143
3767310,1538619685,697.7457,5000000,350,57143
3767310,1538619745,667.6771,5000000,350,57143
3767310,1538619805,697.7057,5000000,350,57143
3767310,1538619865,697.5943,5000000,350,57143
3767310,1538619925,696.4314,5000000,350,57143
3767310,1538620114,670.4914,5000000,350,57143
3767310,1538620165,699.8657,5000000,350,57143
3767310,1538620225,694.9314,5000000,350,57143
3767310,1538620285,701.5686,5000000,350,57143
3767310,1538620345,699.3086,5000000,350,57143
3767310,1538620405,697.7686,5000000,350,57143
3767310,1538620465,698.4000,5000000,350,57143
3767310,1538620525,698.0000,5000000,350,57143
3767310,1538620714,672.7600,5000000,350,57143
3767310,1538620765,700.6600,5000000,350,57143
3767310,1538620825,696.3314,5000000,350,57143
3767310,1538620885,696.0371,5000000,350,57143
3767310,1538620945,694.8629,5000000,350,57143
3767310,1538621005,698.8971,5000000,350,57143
3767310,1538621065,696.2143,5000000,350,57143
3767310,1538621125,696.6857,5000000,350,57143
3767310,1538621259,681.0429,5000000,350,57143
3767310,1538621305,704.6771,5000000,350,57143
3767310,1538621365,697.2086,5000000,350,57143
3767310,1538621425,695.5057,5000000,350,57143
3767310,1538621485,698.0400,5000000,350,57143
3767310,1538621545,696.3571,5000000,350,57143
3767310,1538621605,665.7800,5000000,350,57143
3767310,1538621665,697.0429,5000000,350,57143
3767310,1538621725,697.7314,5000000,350,57143
3767310,1538621845,699.1057,5000000,350,57143
3767310,1538621905,693.9657,5000000,350,57143
3767310,1538621965,694.0971,5000000,350,57143
3767310,1538622025,694.0000,5000000,400,50000
3767310,1538622085,682.6175,5000000,400,50000
3767310,1538622145,683.7825,5000000,400,50000
3767310,1538622205,686.5625,5000000,400,50000
3767310,1538622265,683.0975,5000000,400,50000
3767310,1538622325,682.7125,5000000,400,50000
3767310,1538622582,671.3475,5000000,400,50000
3767310,1538622625,689.5725,5000000,400,50000
3767310,1538622685,681.7250,5000000,400,50000
3767310,1538622745,681.0600,5000000,400,50000
3767310,1538622805,682.8600,5000000,400,50000
3767310,1538622865,684.3950,5000000,400,50000
3767310,1538622925,683.9150,5000000,400,50000
3767310,1538623115,660.2025,5000000,400,50000
3767310,1538623165,690.5325,5000000,400,50000
3767310,1538623225,684.3000,5000000,400,50000
3767310,1538623285,684.6700,5000000,400,50000
3767310,1538623345,685.4125,5000000,400,50000
3767310,1538623405,686.3675,5000000,400,50000
3767310,1538623465,693.5650,5000000,400,50000
3767310,1538623525,662.5875,5000000,400,50000
3767310,1538623710,667.6950,5000000,400,50000
3767310,1538623765,696.7975,5000000,400,50000
3767310,1538623825,699.3400,5000000,400,50000
3767310,1538623885,696.7475,5000000,400,50000
3767310,1538623945,698.1350,5000000,400,50000
3767310,1538624005,700.4075,5000000,400,50000
3767310,1538624065,701.9550,5000000,400,50000
3767310,1538624125,700.2275,5000000,400,50000
3767310,1538624185,701.1800,5000000,400,50000
3767310,1538624377,679.0975,5000000,400,50000
3767310,1538624425,700.1575,5000000,400,50000
3767310,1538624485,696.6175,5000000,400,50000
3767310,1538624545,700.4925,5000000,400,50000
3767310,1538624605,698.0400,5000000,400,50000
3767310,1538624665,696.3175,5000000,400,50000
3767310,1538624725,696.1600,5000000,400,50000
3767310,1538624785,694.2725,5000000,400,50000
3767310,1538624861,677.6175,5000000,400,50000
3767310,1538624905,710.5075,5000000,400,50000
3767310,1538624965,715.5900,5000000,400,50000
3767310,1538625025,701.0275,5000000,400,50000
3767310,1538625085,716.3125,5000000,400,50000
3767310,1538625145,716.8000,5000000,400,50000
3767310,1538625205,716.9950,5000000,400,50000
3767310,1538625265,714.7600,5000000,400,50000
3767310,1538625325,721.6000,5000000,400,50000
3767310,1538625519,688.7200,5000000,400,50000
3767310,1538625565,723.1725,5000000,400,50000
3767310,1538625625,717.6425,5000000,400,50000
3767310,1538625685,712.1350,5000000,400,50000
3767310,1538625745,715.1875,5000000,400,50000
3767310,1538625805,703.6950,5000000,400,50000
3767310,1538625865,713.8225,5000000,400,50000
3767310,1538625925,719.9800,5000000,400,50000
3767310,1538625985,717.5350,5000000,400,50000
3767310,1538626120,696.9300,5000000,400,50000
3767310,1538626165,728.1900,5000000,400,50000
3767310,1538626225,721.0325,5000000,400,50000
3767310,1538626285,720.3425,5000000,400,50000
3767310,1538626345,720.2100,5000000,400,50000
3767310,1538626405,718.1511,5000000,450,44444
3767310,1538626465,722.4644,5000000,450,44444
3767310,1538626525,721.3711,5000000,450,44444
3767310,1538626654,705.7600,5000000,450,44444
3767310,1538626705,709.8044,5000000,450,44444
3767310,1538626765,718.7956,5000000,450,44444
3767310,1538626825,718.4222,5000000,450,44444
3767310,1538626885,721.1111,5000000,450,44444
3767310,1538626945,717.2200,5000000,450,44444
3767310,1538627005,703.6244,5000000,450,44444
3767310,1538627065,719.5244,5000000,450,44444
3767310,1538627125,716.3533,5000000,450,44444
3767310,1538627316,694.6578,5000000,450,44444
3767310,1538627365,719.1956,5000000,450,44444
3767310,1538627425,668.7578,5000000,450,44444
3767310,1538627485,701.5556,5000000,450,44444
3767310,1538627545,703.2111,5000000,450,44444
3767310,1538627605,703.7778,5000000,450,44444
3767310,1538627665,702.0667,5000000,450,44444
3767310,1538627725,701.5467,5000000,450,44444
3767310,1538627918,669.9711,5000000,450,44444
3767310,1538627965,708.5200,5000000,450,44444
3767310,1538628025,698.7422,5000000,450,44444
3767310,1538628085,698.8733,5000000,450,44444
3767310,1538628145,699.9222,5000000,450,44444
3767310,1538628205,699.2356,5000000,450,44444
3767310,1538628265,698.3400,5000000,450,44444
3767310,1538628325,700.7156,5000000,450,44444
3767310,1538628385,697.6844,5000000,450,44444
3767310,1538628458,678.9689,5000000,450,44444
3767310,1538628505,702.6422,5000000,450,44444
3767310,1538628565,694.6511,5000000,450,44444
3767310,1538628625,693.3911,5000000,450,44444
3767310,1538628685,693.4578,5000000,450,44444
3767310,1538628745,681.6756,5000000,450,44444
3767310,1538628805,674.7444,5000000,450,44444
3767310,1538628865,689.1267,5000000,450,44444
3767310,1538628925,690.5867,5000000,450,44444
3767310,1538628985,683.6400,5000000,450,44444
3767310,1538629114,659.3778,5000000,450,44444
3767310,1538629165,686.7000,5000000,450,44444
3767310,1538629225,682.8333,5000000,450,44444
3767310,1538629285,683.4089,5000000,450,44444
3767310,1538629345,655.5556,5000000,450,44444
3767310,1538629405,684.9956,5000000,450,44444
3767310,1538629465,684.7089,5000000,450,44444
3767310,1538629525,685.3622,5000000,450,44444
3767310,1538629714,660.7600,5000000,450,44444
3767310,1538629765,688.7444,5000000,450,44444
3767310,1538629825,684.5000,5000000,450,44444
3767310,1538629885,684.8422,5000000,450,44444
3767310,1538629945,685.3578,5000000,450,44444
3767310,1538630005,684.0578,5000000,450,44444
3767310,1538630065,684.6067,5000000,450,44444
3767310,1538630125,684.6644,5000000,450,44444
3767310,1538630256,671.2733,5000000,450,44444
3767310,1538630305,690.4911,5000000,450,44444
3767310,1538630365,684.1044,5000000,450,44444
3767310,1538630425,684.0267,5000000,450,44444
3767310,1538630485,687.2200,5000000,450,44444
3767310,1538630545,686.8756,5000000,450,44444
3767310,1538630605,685.6700,5000000,500,40000
3767310,1538630665,685.6060,5000000,500,40000
3767310,1538630725,686.0040,5000000,500,40000
3767310,1538630845,686.6640,5000000,500,40000
3767310,1538630905,684.1960,5000000,500,40000
3767310,1538630965,684.1640,5000000,500,40000
3767310,1538631025,684.0720,5000000,500,40000
3767310,1538631085,683.9380,5000000,500,40000
3767310,1538631145,683.9960,5000000,500,40000
3767310,1538631205,655.0000,5000000,500,40000
3767310,1538631265,654.4520,5000000,500,40000
3767310,1538631460,675.0280,5000000,500,40000
3767310,1538631505,709.7660,5000000,500,40000
3767310,1538631565,702.6140,5000000,500,40000
3767310,1538631625,699.7600,5000000,500,40000
3767310,1538631685,701.3440,5000000,500,40000
3767310,1538631745,702.8320,5000000,500,40000
3767310,1538631805,701.9200,5000000,500,40000
3767310,1538631865,702.1140,5000000,500,40000
3767310,1538631925,711.6020,5000000,500,40000
3767310,1538632138,680.6300,5000000,500,40000
3767310,1538632165,715.7240,5000000,500,40000
3767310,1538632225,698.1140,5000000,500,40000
3767310,1538632285,698.2840,5000000,500,40000
3767310,1538632345,698.7480,5000000,500,40000
3767310,1538632405,700.2460,5000000,500,40000
3767310,1538632465,701.0760,5000000,500,40000
3767310,1538632525,701.7820,5000000,500,40000
3767310,1538632713,678.0500,5000000,500,40000
3767310,1538632765,711.6440,5000000,500,40000
3767310,1538632825,711.0860,5000000,500,40000
3767310,1538632885,709.3240,5000000,500,40000
3767310,1538632945,716.3900,5000000,500,40000
3767310,1538633005,716.0300,5000000,500,40000
3767310,1538633065,719.7460,5000000,500,40000
3767310,1538633125,696.7780,5000000,500,40000
3767310,1538633336,690.2760,5000000,500,40000
3767310,1538633365,723.3540,5000000,500,40000
3767310,1538633425,707.1520,5000000,500,40000
3767310,1538633485,709.1820,5000000,500,40000
3767310,1538633545,710.8260,5000000,500,40000
3767310,1538633605,712.8140,5000000,500,40000
3767310,1538633665,713.9180,5000000,500,40000
3767310,1538633725,714.6200,5000000,500,40000
3767310,1538633913,688.6460,5000000,500,40000
3767310,1538633965,714.1940,5000000,500,40000
3767310,1538634025,709.8120,5000000,500,40000
3767310,1538634085,710.7220,5000000,500,40000
3767310,1538634145,711.6800,5000000,500,40000
3767310,1538634205,712.0140,5000000,500,40000
3767310,1538634265,711.8040,5000000,500,40000
3767310,1538634325,710.8000,5000000,500,40000
3767310,1538634454,697.0460,5000000,500,40000
3767310,1538634505,716.5680,5000000,500,40000
3767310,1538634565,710.3980,5000000,500,40000
3767310,1538634625,711.0420,5000000,500,40000
3767310,1538634685,711.6420,5000000,500,40000
3767310,1538634745,712.8220,5000000,500,40000
3767310,1538634805,712.1900,5000000,500,40000
3767310,1538634865,712.5200,5000000,500,40000
3767310,1538634925,712.9400,5000000,500,40000
3767310,1538635061,697.3000,5000000,550,36364
3767310,1538635105,689.7400,5000000,550,36364
3767310,1538635165,712.4855,5000000,550,36364
3767310,1538635225,712.3764,5000000,550,36364
3767310,1538635285,712.7655,5000000,550,36364
3767310,1538635345,713.2436,5000000,550,36364
3767310,1538635405,713.6691,5000000,550,36364
3767310,1538635465,714.3200,5000000,550,36364
3767310,1538635525,713.9182,5000000,550,36364
3767310,1538635658,685.4891,5000000,550,36364
3767310,1538635705,709.6345,5000000,550,36364
3767310,1538635765,699.5109,5000000,550,36364
3767310,1538635825,699.3673,5000000,550,36364
3767310,1538635885,699.4727,5000000,550,36364
3767310,1538635945,699.7527,5000000,550,36364
3767310,1538636005,703.9291,5000000,550,36364
3767310,1538636065,705.0873,5000000,550,36364
3767310,1538636125,707.8800,5000000,550,36364
3767310,1538636314,683.8073,5000000,550,36364
3767310,1538636365,713.6709,5000000,550,36364
3767310,1538636425,709.1382,5000000,550,36364
3767310,1538636485,708.0382,5000000,550,36364
3767310,1538636545,708.8000,5000000,550,36364
3767310,1538636605,701.1582,5000000,550,36364
3767310,1538636665,701.0036,5000000,550,36364
3767310,1538636725,710.4164,5000000,550,36364
3767310,1538636914,676.3455,5000000,550,36364
3767310,1538636965,706.0873,5000000,550,36364
3767310,1538637025,669.3291,5000000,550,36364
3767310,1538637085,700.3509,5000000,550,36364
3767310,1538637145,701.5218,5000000,550,36364
3767310,1538637205,702.2945,5000000,550,36364
3767310,1538637265,702.3218,5000000,550,36364
3767310,1538637325,702.6982,5000000,550,36364
3767310,1538637518,678.5600,5000000,550,36364
3767310,1538637565,711.0145,5000000,550,36364
3767310,1538637625,703.3345,5000000,550,36364
3767310,1538637685,703.2909,5000000,550,36364
3767310,1538637745,703.0655,5000000,550,36364
3767310,1538637805,703.7255,5000000,550,36364
3767310,1538637865,704.5291,5000000,550,36364
3767310,1538637925,704.1564,5000000,550,36364
3767310,1538638115,678.4491,5000000,550,36364
3767310,1538638165,709.1891,5000000,550,36364
3767310,1538638225,703.6673,5000000,550,36364
3767310,1538638285,702.8873,5000000,550,36364
3767310,1538638345,703.7745,5000000,550,36364
3767310,1538638405,703.8636,5000000,550,36364
3767310,1538638465,706.3655,5000000,550,36364
3767310,1538638525,704.7273,5000000,550,36364
3767310,1538638585,704.9091,5000000,550,36364
3767310,1538638658,690.5891,5000000,550,36364
3767310,1538638705,713.2891,5000000,550,36364
3767310,1538638765,704.4018,5000000,550,36364
3767310,1538638825,703.1582,5000000,550,36364
3767310,1538638885,703.9891,5000000,550,36364
3767310,1538638945,673.7927,5000000,550,36364
3767310,1538639005,703.7745,5000000,550,36364
3767310,1538639065,705.2600,5000000,550,36364
3767310,1538639125,705.3982,5000000,550,36364
3767310,1538639245,708.1764,5000000,550,36364
3767310,1538639305,705.0367,5000000,600,33333
3767310,1538639365,704.5467,5000000,600,33333
3767310,1538639425,704.4117,5000000,600,33333
3767310,1538639485,703.5767,5000000,600,33333
3767310,1538639545,704.0933,5000000,600,33333
3767310,1538639605,704.2550,5000000,600,33333
3767310,1538639665,703.8267,5000000,600,33333
3767310,1538639725,704.8633,5000000,600,33333
3767310,1538639912,678.8117,5000000,600,33333
3767310,1538639965,705.7350,5000000,600,33333
3767310,1538640025,702.1050,5000000,600,33333
3767310,1538640085,702.3367,5000000,600,33333
3767310,1538640145,701.7150,5000000,600,33333
3767310,1538640205,702.3350,5000000,600,33333
3767310,1538640265,704.1033,5000000,600,33333
3767310,1538640325,704.4033,5000000,600,33333
3767310,1538640445,705.5617,5000000,600,33333
3767310,1538640505,703.0600,5000000,600,33333
3767310,1538640565,702.4067,5000000,600,33333
3767310,1538640625,702.7933,5000000,600,33333
3767310,1538640685,704.1400,5000000,600,33333
3767310,1538640745,702.3017,5000000,600,33333
3767310,1538640805,702.9200,5000000,600,33333
3767310,1538640865,673.4883,5000000,600,33333
3767310,1538640925,704.5650,5000000,600,33333
3767310,1538640985,704.7200,5000000,600,33333
3767310,1538641110,678.8983,5000000,600,33333
3767310,1538641165,704.5550,5000000,600,33333
3767310,1538641225,702.0533,5000000,600,33333
3767310,1538641285,702.4650,5000000,600,33333
3767310,1538641345,702.8817,5000000,600,33333
3767310,1538641405,703.3533,5000000,600,33333
3767310,1538641465,703.5350,5000000,600,33333
3767310,1538641525,705.8450,5000000,600,33333
3767310,1538641765,704.3450,5000000,600,33333
3767310,1538641825,703.2183,5000000,600,33333
3767310,1538641885,704.2700,5000000,600,33333
3767310,1538641945,704.8350,5000000,600,33333
3767310,1538642005,701.9917,5000000,600,33333
3767310,1538642065,702.9683,5000000,600,33333
3767310,1538642125,703.6767,5000000,600,33333
3767310,1538642254,689.9283,5000000,600,33333
3767310,1538642305,710.0650,5000000,600,33333
3767310,1538642365,706.1717,5000000,600,33333
3767310,1538642425,705.9117,5000000,600,33333
3767310,1538642485,704.9400,5000000,600,33333
3767310,1538642545,704.0733,5000000,600,33333
3767310,1538642605,705.8383,5000000,600,33333
3767310,1538642665,705.7050,5000000,600,33333
3767310,1538642725,705.1133,5000000,600,33333
3767310,1538642936,690.4433,5000000,600,33333
3767310,1538642965,723.5983,5000000,600,33333
3767310,1538643025,706.3067,5000000,600,33333
3767310,1538643085,707.6517,5000000,600,33333
3767310,1538643145,705.7133,5000000,600,33333
3767310,1538643205,706.0050,5000000,600,33333
3767310,1538643265,707.2833,5000000,600,33333
3767310,1538643325,706.8200,5000000,600,33333
3767310,1538643455,693.0850,5000000,600,33333
3767310,1538643505,713.7783,5000000,600,33333
3767310,1538643565,706.8167,5000000,600,33333
3767310,1538643625,706.6985,5000000,650,30769
3767310,1538643685,707.3585,5000000,650,30769
3767310,1538643745,707.2862,5000000,650,30769
3767310,1538643805,707.7415,5000000,650,30769
3767310,1538643865,708.0769,5000000,650,30769
3767310,1538643925,707.4123,5000000,650,30769
3767310,1538644139,691.6246,5000000,650,30769
3767310,1538644165,724.7415,5000000,650,30769
3767310,1538644225,707.6600,5000000,650,30769
3767310,1538644285,706.4877,5000000,650,30769
3767310,1538644345,706.7462,5000000,650,30769
3767310,1538644405,707.0615,5000000,650,30769
3767310,1538644465,708.1138,5000000,650,30769
3767310,1538644525,707.7785,5000000,650,30769
3767310,1538644585,707.7908,5000000,650,30769
3767310,1538644645,713.5692,5000000,650,30769
3767310,1538644705,677.0123,5000000,650,30769
3767310,1538644765,707.2015,5000000,650,30769
3767310,1538644825,707.6354,5000000,650,30769
3767310,1538644885,708.0954,5000000,650,30769
3767310,1538644945,708.0615,5000000,650,30769
3767310,1538645005,707.8446,5000000,650,30769
3767310,1538645065,707.9646,5000000,650,30769
3767310,1538645125,707.9431,5000000,650,30769
3767310,1538645485,695.4138,5000000,650,30769
3767310,1538645545,704.6138,5000000,650,30769
3767310,1538645605,706.2369,5000000,650,30769
3767310,1538645665,707.2462,5000000,650,30769
3767310,1538645725,709.5754,5000000,650,30769
3767310,1538645845,683.6554,5000000,650,30769
3767310,1538645905,707.0292,5000000,650,30769
3767310,1538645965,707.6923,5000000,650,30769
3767310,1538646025,707.4338,5000000,650,30769
3767310,1538646085,708.0015,5000000,650,30769
3767310,1538646145,706.7477,5000000,650,30769
3767310,1538646205,706.6446,5000000,650,30769
3767310,1538646265,706.6969,5000000,650,30769
3767310,1538646325,706.5877,5000000,650,30769
3767310,1538646385,706.4062,5000000,650,30769
3767310,1538646445,681.7923,5000000,650,30769
3767310,1538646505,706.6446,5000000,650,30769
3767310,1538646565,706.0615,5000000,650,30769
3767310,1538646625,675.6200,5000000,650,30769
3767310,1538646685,706.8462,5000000,650,30769
3767310,1538646745,706.0400,5000000,650,30769
3767310,1538646805,706.8292,5000000,650,30769
3767310,1538646865,706.4077,5000000,650,30769
3767310,1538646925,706.8600,5000000,650,30769
3767310,1538647045,712.1446,5000000,650,30769
3767310,1538647105,708.6600,5000000,650,30769
3767310,1538647165,707.5646,5000000,650,30769
3767310,1538647225,706.8431,5000000,650,30769
3767310,1538647285,708.0600,5000000,650,30769
3767310,1538647345,706.8262,5000000,650,30769
3767310,1538647405,709.4769,5000000,650,30769
3767310,1538647465,708.8723,5000000,650,30769
3767310,1538647525,708.5708,5000000,650,30769
3767310,1538647724,683.9615,5000000,650,30769
3767310,1538647765,718.3185,5000000,650,30769
3767310,1538647825,706.9800,5000000,650,30769
3767310,1538647885,706.3738,5000000,650,30769
3767310,1538647945,706.7986,5000000,700,28571
3767310,1538648005,707.4529,5000000,700,28571
3767310,1538648065,707.5686,5000000,700,28571
3767310,1538648125,707.2571,5000000,700,28571
3767310,1538648365,664.4443,5000000,700,28571
3767310,1538648425,704.9529,5000000,700,28571
3767310,1538648485,676.3814,5000000,700,28571
3767310,1538648545,676.7171,5000000,700,28571
3767310,1538648605,707.9214,5000000,700,28571
3767310,1538648665,708.3429,5000000,700,28571
3767310,1538648725,708.2571,5000000,700,28571
3767310,1538648965,694.7571,5000000,700,28571
3767310,1538649025,674.5171,5000000,700,28571
3767310,1538649085,676.5429,5000000,700,28571
3767310,1538649145,677.6100,5000000,700,28571
3767310,1538649205,677.8171,5000000,700,28571
3767310,1538649265,678.0871,5000000,700,28571
3767310,1538649325,708.7986,5000000,700,28571
3767310,1538649565,710.3629,5000000,700,28571
3767310,1538649625,708.5386,5000000,700,28571
3767310,1538649685,708.5271,5000000,700,28571
3767310,1538649745,709.4800,5000000,700,28571
3767310,1538649805,709.0043,5000000,700,28571
3767310,1538649865,707.9571,5000000,700,28571
3767310,1538649925,708.8500,5000000,700,28571
3767310,1538650130,716.1171,5000000,700,28571
3767310,1538650165,716.6014,5000000,700,28571
3767310,1538650225,708.3043,5000000,700,28571
3767310,1538650285,708.0800,5000000,700,28571
3767310,1538650345,709.2157,5000000,700,28571
3767310,1538650405,707.9386,5000000,700,28571
3767310,1538650465,678.3771,5000000,700,28571
3767310,1538650525,709.2514,5000000,700,28571
3767310,1538650645,713.7029,5000000,700,28571
3767310,1538650705,709.2929,5000000,700,28571
3767310,1538650765,709.0071,5000000,700,28571
3767310,1538650825,708.3357,5000000,700,28571
3767310,1538650885,708.8800,5000000,700,28571
3767310,1538650945,709.2729,5000000,700,28571
3767310,1538651005,709.4371,5000000,700,28571
3767310,1538651065,709.6471,5000000,700,28571
3767310,1538651125,709.9457,5000000,700,28571
3767310,1538651245,713.2386,5000000,700,28571
3767310,1538651305,709.9986,5000000,700,28571
3767310,1538651365,708.9914,5000000,700,28571
3767310,1538651425,708.9386,5000000,700,28571
3767310,1538651485,678.6557,5000000,700,28571
3767310,1538651545,709.7157,5000000,700,28571
3767310,1538651605,709.9471,5000000,700,28571
3767310,1538651665,710.0043,5000000,700,28571
3767310,1538651725,709.5614,5000000,700,28571
3767310,1538651785,709.2257,5000000,700,28571
3767310,1538651857,693.6214,5000000,700,28571
3767310,1538651905,716.4471,5000000,700,28571
3767310,1538651965,709.5457,5000000,700,28571
3767310,1538652025,708.8614,5000000,700,28571
3767310,1538652085,709.3657,5000000,700,28571
3767310,1538652145,708.0129,5000000,700,28571
3767310,1538652205,708.9471,5000000,700,28571
3767310,1538652265,708.2329,5000000,700,28571
3767310,1538652325,708.8600,5000000,700,28571
3767310,1538652457,693.5547,5000000,750,26667
3767310,1538652505,716.1693,5000000,750,26667
3767310,1538652565,709.2813,5000000,750,26667
3767310,1538652625,708.5133,5000000,750,26667
3767310,1538652685,709.6920,5000000,750,26667
3767310,1538652745,711.1373,5000000,750,26667
3767310,1538652805,711.3973,5000000,750,26667
3767310,1538652865,712.0173,5000000,750,26667
3767310,1538652925,711.4707,5000000,750,26667
3767310,1538653285,699.5600,5000000,750,26667
3767310,1538653345,710.6187,5000000,750,26667
3767310,1538653405,714.2747,5000000,750,26667
3767310,1538653465,714.6267,5000000,750,26667
3767310,1538653525,713.8280,5000000,750,26667
3767310,1538653655,704.3973,5000000,750,26667
3767310,1538653705,720.4440,5000000,750,26667
3767310,1538653765,715.2133,5000000,750,26667
3767310,1538653825,715.0520,5000000,750,26667
3767310,1538653885,717.0240,5000000,750,26667
3767310,1538653945,717.5640,5000000,750,26667
3767310,1538654005,720.6320,5000000,750,26667
3767310,1538654065,719.7227,5000000,750,26667
3767310,1538654125,722.0947,5000000,750,26667
3767310,1538654338,702.5933,5000000,750,26667
3767310,1538654365,734.8000,5000000,750,26667
3767310,1538654425,723.0480,5000000,750,26667
3767310,1538654485,722.3133,5000000,750,26667
3767310,1538654545,721.6267,5000000,750,26667
3767310,1538654605,718.6280,5000000,750,26667
3767310,1538654665,716.3747,5000000,750,26667
3767310,1538654725,716.8067,5000000,750,26667
3767310,1538654855,705.6600,5000000,750,26667
3767310,1538654905,723.7907,5000000,750,26667
3767310,1538654965,717.5707,5000000,750,26667
3767310,1538655025,713.6627,5000000,750,26667
3767310,1538655085,717.4293,5000000,750,26667
3767310,1538655145,719.1840,5000000,750,26667
3767310,1538655205,719.8840,5000000,750,26667
3767310,1538655265,718.8773,5000000,750,26667
3767310,1538655325,718.3720,5000000,750,26667
3767310,1538655565,720.2147,5000000,750,26667
3767310,1538655625,715.8147,5000000,750,26667
3767310,1538655685,718.0560,5000000,750,26667
3767310,1538655745,719.1653,5000000,750,26667
3767310,1538655805,719.1333,5000000,750,26667
3767310,1538655865,719.0467,5000000,750,26667
3767310,1538655925,717.4013,5000000,750,26667
3767310,1538655985,716.5347,5000000,750,26667
3767310,1538656109,696.4840,5000000,750,26667
3767310,1538656165,723.1400,5000000,750,26667
3767310,1538656225,689.9733,5000000,750,26667
3767310,1538656285,721.1387,5000000,750,26667
3767310,1538656345,719.8240,5000000,750,26667
3767310,1538656405,718.3427,5000000,750,26667
3767310,1538656465,718.6720,5000000,750,26667
3767310,1538656525,719.3533,5000000,750,26667
3767310,1538656655,705.4213,5000000,750,26667
3767310,1538656705,724.4960,5000000,750,26667
3767310,1538656765,713.9347,5000000,750,26667
3767310,1538656825,710.8800,5000000,750,26667
3767310,1538656885,710.5067,5000000,750,26667
3767310,1538656945,709.6613,5000000,800,25000
3767310,1538657005,709.7263,5000000,800,25000
3767310,1538657065,709.8513,5000000,800,25000
3767310,1538657125,709.9663,5000000,800,25000
3767310,1538657256,697.4525,5000000,800,25000
3767310,1538657305,718.1988,5000000,800,25000
3767310,1538657365,712.3975,5000000,800,25000
3767310,1538657425,719.8413,5000000,800,25000
3767310,1538657485,720.9038,5000000,800,25000
3767310,1538657545,715.4638,5000000,800,25000
3767310,1538657605,715.6975,5000000,800,25000
3767310,1538657665,719.8925,5000000,800,25000
3767310,1538657725,721.0050,5000000,800,25000
3767310,1538657855,710.7838,5000000,800,25000
3767310,1538657905,728.7100,5000000,800,25000
3767310,1538657965,723.6488,5000000,800,25000
3767310,1538658025,723.1088,5000000,800,25000
3767310,1538658085,723.6825,5000000,800,25000
3767310,1538658145,695.1100,5000000,800,25000
3767310,1538658205,725.5313,5000000,800,25000
3767310,1538658265,725.9850,5000000,800,25000
3767310,1538658325,724.2775,5000000,800,25000
3767310,1538658527,711.2400,5000000,800,25000
3767310,1538658565,736.8463,5000000,800,25000
3767310,1538658625,723.2863,5000000,800,25000
3767310,1538658685,722.4763,5000000,800,25000
3767310,1538658745,722.4913,5000000,800,25000
3767310,1538658805,723.0263,5000000,800,25000
3767310,1538658865,722.7800,5000000,800,25000
3767310,1538658925,719.8413,5000000,800,25000
3767310,1538658985,719.8825,5000000,800,25000
3767310,1538659137,714.5550,5000000,800,25000
3767310,1538659165,740.3425,5000000,800,25000
3767310,1538659225,725.2938,5000000,800,25000
3767310,1538659285,725.7575,5000000,800,25000
3767310,1538659345,726.2513,5000000,800,25000
3767310,1538659405,726.2838,5000000,800,25000
3767310,1538659465,720.1738,5000000,800,25000
3767310,1538659525,729.7538,5000000,800,25000
3767310,1538659585,730.3663,5000000,800,25000
3767310,1538659765,717.8225,5000000,800,25000
3767310,1538659825,718.9900,5000000,800,25000
3767310,1538659885,721.8700,5000000,800,25000
3767310,1538659945,710.9838,5000000,800,25000
3767310,1538660005,723.9300,5000000,800,25000
3767310,1538660065,694.1588,5000000,800,25000
3767310,1538660125,720.9050,5000000,800,25000
3767310,1538660185,717.6738,5000000,800,25000
3767310,1538660305,708.9063,5000000,800,25000
3767310,1538660365,718.0513,5000000,800,25000
3767310,1538660425,714.8438,5000000,800,25000
3767310,1538660485,715.2100,5000000,800,25000
3767310,1538660545,716.0250,5000000,800,25000
3767310,1538660605,718.0063,5000000,800,25000
3767310,1538660665,719.4738,5000000,800,25000
3767310,1538660725,720.4050,5000000,800,25000
3767310,1538660855,710.3188,5000000,800,25000
3767310,1538660905,727.2150,5000000,800,25000
3767310,1538660965,720.8350,5000000,800,25000
3767310,1538661025,719.4550,5000000,800,25000
3767310,1538661085,720.6413,5000000,800,25000
3767310,1538661145,726.2906,5000000,850,23529
3767310,1538661205,725.2506,5000000,850,23529
3767310,1538661265,727.9541,5000000,850,23529
3767310,1538661325,727.0800,5000000,850,23529
3767310,1538661385,719.6141,5000000,850,23529
3767310,1538661455,707.4247,5000000,850,23529
3767310,1538661505,723.5976,5000000,850,23529
3767310,1538661565,716.8671,5000000,850,23529
3767310,1538661625,718.1094,5000000,850,23529
3767310,1538661685,720.0906,5000000,850,23529
3767310,1538661745,721.0035,5000000,850,23529
3767310,1538661805,719.3424,5000000,850,23529
3767310,1538661865,717.1835,5000000,850,23529
3767310,1538661925,718.0682,5000000,850,23529
3767310,1538662057,706.6694,5000000,850,23529
3767310,1538662105,725.4565,5000000,850,23529
3767310,1538662165,716.5459,5000000,850,23529
3767310,1538662225,716.8024,5000000,850,23529
3767310,1538662285,716.5482,5000000,850,23529
3767310,1538662345,717.2529,5000000,850,23529
3767310,1538662405,718.2141,5000000,850,23529
3767310,1538662465,718.4447,5000000,850,23529
3767310,1538662525,719.5247,5000000,850,23529
3767310,1538662711,715.0588,5000000,850,23529
3767310,1538662765,745.3047,5000000,850,23529
3767310,1538662825,742.9153,5000000,850,23529
3767310,1538662885,739.7859,5000000,850,23529
3767310,1538662945,739.2000,5000000,850,23529
3767310,1538663005,741.9200,5000000,850,23529
3767310,1538663065,738.1106,5000000,850,23529
3767310,1538663125,741.1082,5000000,850,23529
3767310,1538663245,741.2459,5000000,850,23529
3767310,1538663305,741.9835,5000000,850,23529
3767310,1538663365,742.7624,5000000,850,23529
3767310,1538663425,741.0624,5000000,850,23529
3767310,1538663485,739.5365,5000000,850,23529
3767310,1538663545,739.1553,5000000,850,23529
3767310,1538663605,736.8741,5000000,850,23529
3767310,1538663665,738.2400,5000000,850,23529
3767310,1538663725,740.6318,5000000,850,23529
3767310,1538663845,741.2553,5000000,850,23529
3767310,1538663905,708.2659,5000000,850,23529
3767310,1538663965,736.7929,5000000,850,23529
3767310,1538664025,737.4765,5000000,850,23529
3767310,1538664085,741.0671,5000000,850,23529
3767310,1538664145,739.5482,5000000,850,23529
3767310,1538664205,740.7976,5000000,850,23529
3767310,1538664265,741.3059,5000000,850,23529
3767310,1538664325,735.0176,5000000,850,23529
3767310,1538664385,743.4718,5000000,850,23529
3767310,1538664455,736.8259,5000000,850,23529
3767310,1538664505,750.3588,5000000,850,23529
3767310,1538664565,729.5624,5000000,850,23529
3767310,1538664625,735.8824,5000000,850,23529
3767310,1538664685,750.9318,5000000,850,23529
3767310,1538664745,752.3129,5000000,850,23529
3767310,1538664805,739.1600,5000000,850,23529
3767310,1538664865,747.1271,5000000,850,23529
3767310,1538664925,739.4729,5000000,850,23529
3767310,1538665057,729.7882,5000000,850,23529
3767310,1538665105,749.1365,5000000,850,23529
3767310,1538665165,734.9467,5000000,900,22222
3767310,1538665225,749.8478,5000000,900,22222
3767310,1538665285,740.3178,5000000,900,22222
3767310,1538665345,742.6122,5000000,900,22222
3767310,1538665405,736.2511,5000000,900,22222
3767310,1538665465,707.2589,5000000,900,22222
3767310,1538665525,750.2522,5000000,900,22222
3767310,1538665645,745.9989,5000000,900,22222
3767310,1538665705,736.7633,5000000,900,22222
3767310,1538665765,733.7389,5000000,900,22222
3767310,1538665825,718.1500,5000000,900,22222
3767310,1538665885,748.8600,5000000,900,22222
3767310,1538665945,738.3600,5000000,900,22222
3767310,1538666005,744.1411,5000000,900,22222
3767310,1538666065,735.9244,5000000,900,22222
3767310,1538666125,743.0322,5000000,900,22222
3767310,1538666305,742.8156,5000000,900,22222
3767310,1538666365,741.7033,5000000,900,22222
3767310,1538666425,738.2878,5000000,900,22222
3767310,1538666485,732.4322,5000000,900,22222
3767310,1538666545,742.6456,5000000,900,22222
3767310,1538666605,746.6256,5000000,900,22222
3767310,1538666665,749.1533,5000000,900,22222
3767310,1538666725,739.8200,5000000,900,22222
3767310,1538666785,748.8067,5000000,900,22222
3767310,1538666857,729.8767,5000000,900,22222
3767310,1538666905,754.2844,5000000,900,22222
3767310,1538666965,741.6689,5000000,900,22222
3767310,1538667025,743.2300,5000000,900,22222
3767310,1538667085,746.7333,5000000,900,22222
3767310,1538667145,734.5089,5000000,900,22222
3767310,1538667205,749.6622,5000000,900,22222
3767310,1538667265,754.5767,5000000,900,22222
3767310,1538667325,750.0633,5000000,900,22222
3767310,1538667385,754.0500,5000000,900,22222
3767310,1538667565,730.0944,5000000,900,22222
3767310,1538667625,746.5833,5000000,900,22222
3767310,1538667685,746.0511,5000000,900,22222
3767310,1538667745,724.5633,5000000,900,22222
3767310,1538667805,739.1100,5000000,900,22222
3767310,1538667865,747.8656,5000000,900,22222
3767310,1538667925,743.1744,5000000,900,22222
3767310,1538668137,749.1222,5000000,900,22222
3767310,1538668165,783.2167,5000000,900,22222
3767310,1538668225,758.6944,5000000,900,22222
3767310,1538668285,765.3589,5000000,900,22222
3767310,1538668345,765.2544,5000000,900,22222
3767310,1538668405,769.5678,5000000,900,22222
3767310,1538668465,756.9544,5000000,900,22222
3767310,1538668525,758.9989,5000000,900,22222
3767310,1538668711,744.4722,5000000,900,22222
3767310,1538668765,765.3600,5000000,900,22222
3767310,1538668825,753.4289,5000000,900,22222
3767310,1538668885,756.3056,5000000,900,22222
3767310,1538668945,746.0567,5000000,900,22222
3767310,1538669005,748.4622,5000000,900,22222
3767310,1538669065,750.4778,5000000,900,22222
3767310,1538669125,746.7567,5000000,900,22222
3767310,1538669337,737.9967,5000000,900,22222
3767310,1538669365,761.7356,5000000,900,22222
3767310,1538669425,743.6511,5000000,900,22222
3767310,1538669485,742.4853,5000000,950,21053
3767310,1538669545,742.9979,5000000,950,21053
3767310,1538669605,743.9505,5000000,950,21053
3767310,1538669665,714.2895,5000000,950,21053
3767310,1538669725,743.8084,5000000,950,21053
3767310,1538669785,747.2768,5000000,950,21053
3767310,1538669938,733.7368,5000000,950,21053
3767310,1538669965,771.8316,5000000,950,21053
3767310,1538670025,749.0168,5000000,950,21053
3767310,1538670085,752.9989,5000000,950,21053
3767310,1538670145,749.9211,5000000,950,21053
3767310,1538670205,748.9211,5000000,950,21053
3767310,1538670265,755.8537,5000000,950,21053
3767310,1538670325,751.4779,5000000,950,21053
3767310,1538670385,756.3421,5000000,950,21053
3767310,1538670511,731.0589,5000000,950,21053
3767310,1538670565,749.4737,5000000,950,21053
3767310,1538670625,729.8937,5000000,950,21053
3767310,1538670685,719.9716,5000000,950,21053
3767310,1538670745,726.2979,5000000,950,21053
3767310,1538670805,724.1905,5000000,950,21053
3767310,1538670865,729.7895,5000000,950,21053
3767310,1538670925,725.6916,5000000,950,21053
3767310,1538671071,717.1274,5000000,950,21053
3767310,1538671105,735.8821,5000000,950,21053
3767310,1538671165,733.6653,5000000,950,21053
3767310,1538671225,722.9821,5000000,950,21053
3767310,1538671285,727.2021,5000000,950,21053
3767310,1538671345,725.2611,5000000,950,21053
3767310,1538671405,726.4589,5000000,950,21053
3767310,1538671465,731.9495,5000000,950,21053
3767310,1538671525,727.4495,5000000,950,21053
3767310,1538671585,698.7737,5000000,950,21053
3767310,1538671671,713.0989,5000000,950,21053
3767310,1538671705,741.0516,5000000,950,21053
3767310,1538671765,724.4074,5000000,950,21053
3767310,1538671825,719.5789,5000000,950,21053
3767310,1538671885,720.1779,5000000,950,21053
3767310,1538671945,721.3400,5000000,950,21053
3767310,1538672005,719.5305,5000000,950,21053
3767310,1538672065,716.1821,5000000,950,21053
3767310,1538672125,718.3842,5000000,950,21053
3767310,1538672185,720.8189,5000000,950,21053
3767310,1538672272,703.6779,5000000,950,21053
3767310,1538672305,731.5505,5000000,950,21053
3767310,1538672365,721.5916,5000000,950,21053
3767310,1538672425,720.5095,5000000,950,21053
3767310,1538672485,721.7916,5000000,950,21053
3767310,1538672545,721.6558,5000000,950,21053
3767310,1538672605,722.8905,5000000,950,21053
3767310,1538672665,722.7158,5000000,950,21053
3767310,1538672725,722.0074,5000000,950,21053
3767310,1538672845,727.1895,5000000,950,21053
3767310,1538672905,723.4526,5000000,950,21053
3767310,1538672965,723.5063,5000000,950,21053
3767310,1538673025,722.3926,5000000,950,21053
3767310,1538673085,723.4158,5000000,950,21053
3767310,1538673145,723.5284,5000000,950,21053
3767310,1538673205,724.8684,5000000,950,21053
3767310,1538673265,724.3042,5000000,950,21053
3767310,1538673325,724.3958,5000000,950,21053
3767310,1538673471,703.6495,5000000,950,21053
